number of clients,skew type,normalization,dataset,seed,stopped_epoch,test_accuracy,test_f1,test_loss,test_precision,test_recall,validation_accuracy,validation_loss
50,feature_0.01,default,MNIST,2,44,0.9791,0.979086606,0.08341822,0.979111302,0.9791,0.977833331,0.091776177
50,feature_0.01,federated_robust_scaling,MNIST,2,60,0.5674,0.594865873,1.435272455,0.696529215,0.5674,0.567166686,1.403299451
50,feature_0.01,federated_min_max,MNIST,2,60,0.983,0.983000083,0.051836535,0.983032571,0.983,0.979833305,0.071743958
50,feature_0.01,federated_z_score,MNIST,2,60,0.9837,0.983693927,0.06699387,0.983702083,0.9837,0.982166648,0.073718391
50,feature_0.01,local_robust_scaling,MNIST,2,60,0.6405,0.640909015,1.801423788,0.67249408,0.6405,0.633833349,1.593922853
50,feature_0.01,instance_norm,MNIST,2,60,0.9861,0.986092628,0.043593783,0.986104264,0.9861,0.984666646,0.058888819
50,feature_0.01,group_norm,MNIST,2,60,0.9851,0.985095102,0.044823732,0.985100335,0.9851,0.985000014,0.056022882
50,feature_0.01,layer_norm,MNIST,2,60,0.9869,0.986898453,0.043960139,0.986906652,0.9869,0.983500004,0.059814103
50,feature_0.01,batch_norm,MNIST,2,60,0.989,0.988998666,0.039041493,0.98900611,0.989,0.98483336,0.057782162
50,feature_0.01,local_min_max,MNIST,2,1,0.0766,0.033604654,5.718919277,0.151733476,0.0766,0.068666667,6.379310608
50,feature_0.01,default,MNIST,3,60,0.9803,0.980301204,0.07257539,0.980338034,0.9803,0.979166687,0.089680508
50,feature_0.01,local_z_score,MNIST,2,7,0.9252,0.925057537,14.01723766,0.925058927,0.9252,0.926166654,7.074550629
50,feature_0.01,default,MNIST,1,47,0.9787,0.978694306,0.085591279,0.978734065,0.9787,0.979333341,0.091113791
50,feature_0.1,default,MNIST,2,44,0.9786,0.978601001,0.078011312,0.978641897,0.9786,0.977166653,0.092488259
50,feature_0.01,federated_robust_scaling,MNIST,3,60,0.7176,0.713373,1.025427818,0.724823039,0.7176,0.709833324,0.997318268
50,feature_0.01,federated_robust_scaling,MNIST,1,60,0.7122,0.709492836,1.019146323,0.713222147,0.7122,0.70933336,0.99017185
50,feature_0.1,federated_robust_scaling,MNIST,2,60,0.7623,0.761572896,0.772058427,0.764963738,0.7623,0.76183331,0.758469641
50,feature_0.01,federated_min_max,MNIST,3,60,0.9848,0.984791779,0.04958741,0.984810414,0.9848,0.979499996,0.06769973
50,feature_0.01,federated_min_max,MNIST,1,60,0.983,0.983000711,0.059047785,0.983039976,0.983,0.977333307,0.07065247
50,feature_0.1,federated_min_max,MNIST,2,60,0.983,0.982994274,0.051601306,0.98304576,0.983,0.977333307,0.070379168
50,feature_0.01,federated_z_score,MNIST,3,60,0.9837,0.983699724,0.111005738,0.983725635,0.9837,0.983333349,0.057973333
50,feature_0.01,federated_z_score,MNIST,1,48,0.9837,0.983693156,0.069385357,0.983706592,0.9837,0.980000019,0.068182431
50,feature_0.1,federated_z_score,MNIST,2,60,0.9848,0.98479576,0.053141888,0.984806157,0.9848,0.981999993,0.069396868
50,feature_0.01,local_robust_scaling,MNIST,3,60,0.6703,0.666843634,1.844458222,0.675738037,0.6703,0.680333316,1.581083059
50,feature_0.01,local_robust_scaling,MNIST,1,60,0.672,0.670146579,2.144469976,0.680419518,0.672,0.661666691,1.680759072
50,feature_0.1,local_robust_scaling,MNIST,2,60,0.7439,0.742863212,1.358706951,0.74779378,0.7439,0.740333319,1.2052145
50,feature_0.01,instance_norm,MNIST,3,60,0.9851,0.98510095,0.050069731,0.985109246,0.9851,0.982833326,0.059319641
50,feature_0.01,instance_norm,MNIST,1,60,0.9864,0.986398474,0.046289813,0.986404281,0.9864,0.983833313,0.05568365
50,feature_0.1,instance_norm,MNIST,2,60,0.9854,0.985393944,0.048365932,0.985415527,0.9854,0.98299998,0.062295068
50,feature_0.01,group_norm,MNIST,3,52,0.9872,0.987194539,0.040841356,0.987206598,0.9872,0.986500025,0.057689536
50,feature_0.01,group_norm,MNIST,1,60,0.986,0.985996862,0.048028704,0.98601616,0.986,0.984166682,0.057724152
50,feature_0.1,group_norm,MNIST,2,60,0.9851,0.985095446,0.047259957,0.985107351,0.9851,0.984666646,0.059390906
50,feature_0.01,layer_norm,MNIST,3,60,0.9853,0.985298106,0.047342241,0.98530423,0.9853,0.986833334,0.051761381
50,feature_0.01,layer_norm,MNIST,1,60,0.9859,0.985896709,0.04973755,0.985910891,0.9859,0.98483336,0.059122499
50,feature_0.1,layer_norm,MNIST,2,60,0.9867,0.986690907,0.04480689,0.986709004,0.9867,0.983666658,0.056873992
50,feature_0.01,batch_norm,MNIST,3,60,0.9877,0.987692449,0.043119423,0.98770855,0.9877,0.986333311,0.051096767
50,feature_0.01,local_min_max,MNIST,3,1,0.1015,0.022023484,5.218382359,0.172817275,0.1015,0.108999997,4.106529713
50,feature_0.01,batch_norm,MNIST,1,60,0.9863,0.986294232,0.043561552,0.986306726,0.9863,0.986000001,0.057306375
50,feature_0.01,local_min_max,MNIST,1,1,0.0801,0.03649901,7.170653343,0.033235033,0.0801,0.081833333,7.498401642
50,feature_0.01,local_z_score,MNIST,3,9,0.9394,0.939243131,18.57301903,0.939300595,0.9394,0.936833322,13.20373058
50,feature_0.01,local_z_score,MNIST,1,1,0.0778,0.041121538,15.25341892,0.039717155,0.0778,0.07766667,15.20658684
50,feature_0.1,batch_norm,MNIST,2,50,0.9862,0.986195849,0.045235734,0.986221437,0.9862,0.983500004,0.062888131
50,feature_0.1,local_min_max,MNIST,2,2,0.7627,0.74703207,1.826145649,0.773855027,0.7627,0.742333353,2.807528019
50,feature_0.1,local_z_score,MNIST,2,8,0.9345,0.93444844,1.302662373,0.934647255,0.9345,0.930666685,1.713648796
50,feature_0.1,default,MNIST,3,48,0.9779,0.977907382,0.078549579,0.977967279,0.9779,0.975833356,0.096115865
50,feature_0.1,default,MNIST,1,60,0.9798,0.979805154,0.078575283,0.979860547,0.9798,0.979333341,0.096826114
20,feature_0.01,default,MNIST,2,20,0.9797,0.979686897,0.065352157,0.979729305,0.9797,0.978333354,0.086757123
20,feature_0.01,federated_robust_scaling,MNIST,2,60,0.6178,0.632059372,1.21636939,0.722104238,0.6178,0.623000026,1.146593571
50,feature_0.1,federated_robust_scaling,MNIST,3,60,0.7645,0.763859365,0.77603507,0.767111183,0.7645,0.759000003,0.767760813
20,feature_0.01,federated_min_max,MNIST,2,60,0.9899,0.989896362,0.035731297,0.989903075,0.9899,0.98816669,0.044530906
50,feature_0.1,federated_robust_scaling,MNIST,1,60,0.7534,0.753196723,0.80103451,0.758256694,0.7534,0.756833315,0.793670952
20,feature_0.01,federated_z_score,MNIST,2,52,0.9895,0.98949673,0.120716624,0.989504639,0.9895,0.988333344,0.042910136
20,feature_0.01,local_robust_scaling,MNIST,2,47,0.7128,0.712647189,1.307159185,0.72962967,0.7128,0.712833345,1.19848752
50,feature_0.1,federated_min_max,MNIST,3,60,0.9842,0.984197279,0.048207164,0.984228417,0.9842,0.979499996,0.064579137
50,feature_0.1,federated_min_max,MNIST,1,60,0.9838,0.983790848,0.051731084,0.983810651,0.9838,0.978833318,0.069454022
20,feature_0.01,instance_norm,MNIST,2,26,0.9873,0.98729429,0.043606125,0.987311703,0.9873,0.987833321,0.050320379
20,feature_0.01,group_norm,MNIST,2,28,0.9882,0.988195585,0.035821036,0.988210647,0.9882,0.985666692,0.051970422
50,feature_0.1,federated_z_score,MNIST,3,48,0.9816,0.981593188,0.056593213,0.981608537,0.9816,0.978333354,0.078483053
20,feature_0.01,layer_norm,MNIST,2,31,0.9859,0.985894923,0.049362089,0.985903756,0.9859,0.985499978,0.057170607
50,feature_0.1,federated_z_score,MNIST,1,52,0.9818,0.981792875,0.054837946,0.98181964,0.9818,0.978833318,0.071731456
20,feature_0.01,batch_norm,MNIST,2,37,0.9899,0.989898363,0.038267087,0.989900352,0.9899,0.986166656,0.054943614
20,feature_0.01,local_min_max,MNIST,2,1,0.8084,0.808278463,1.976794958,0.827427684,0.8084,0.791999996,2.188992023
20,feature_0.01,local_z_score,MNIST,2,3,0.9378,0.937751884,3.795624971,0.93785228,0.9378,0.936333358,1.852569461
50,feature_0.1,local_robust_scaling,MNIST,3,60,0.7449,0.742774265,1.381742716,0.74688701,0.7449,0.748000026,1.206352353
20,feature_0.1,default,MNIST,2,29,0.9822,0.982198275,0.067907192,0.982206537,0.9822,0.981166661,0.086004376
50,feature_0.1,local_robust_scaling,MNIST,1,60,0.7332,0.731768082,1.49760139,0.736964377,0.7332,0.730666637,1.294698596
20,feature_0.1,federated_robust_scaling,MNIST,2,60,0.8765,0.87586965,0.394291848,0.876928668,0.8765,0.875166655,0.391011238
20,feature_0.1,federated_min_max,MNIST,2,60,0.99,0.989999165,0.028618366,0.99000817,0.99,0.987999976,0.045568146
20,feature_0.1,federated_z_score,MNIST,2,45,0.9873,0.987294907,0.038800459,0.987303119,0.9873,0.986666679,0.05403588
50,feature_0.1,instance_norm,MNIST,3,52,0.9853,0.985296142,0.047861829,0.985311761,0.9853,0.983166695,0.060321372
50,feature_0.1,instance_norm,MNIST,1,60,0.9842,0.984196733,0.04918405,0.984211668,0.9842,0.985666692,0.056600608
20,feature_0.1,local_robust_scaling,MNIST,2,60,0.7994,0.800539427,0.921951354,0.804662715,0.7994,0.805333316,0.81121099
20,feature_0.1,instance_norm,MNIST,2,32,0.988,0.988000159,0.040858667,0.988016117,0.988,0.984000027,0.055958394
20,feature_0.1,group_norm,MNIST,2,32,0.9883,0.988299047,0.036049794,0.988313188,0.9883,0.987833321,0.05037728
20,feature_0.1,layer_norm,MNIST,2,27,0.9874,0.987398991,0.040177051,0.987406302,0.9874,0.985833347,0.04958754
50,feature_0.1,group_norm,MNIST,3,60,0.9869,0.98689517,0.043653008,0.986924096,0.9869,0.98483336,0.055528294
50,feature_0.1,group_norm,MNIST,1,60,0.9849,0.984890304,0.048339449,0.984899937,0.9849,0.985499978,0.057131216
20,feature_0.1,batch_norm,MNIST,2,30,0.9879,0.987892578,0.038615782,0.987906933,0.9879,0.985000014,0.058153503
20,feature_0.1,local_min_max,MNIST,2,13,0.9703,0.970276192,0.288610339,0.9703276,0.9703,0.964166641,0.203885421
20,feature_0.1,local_z_score,MNIST,2,2,0.9228,0.922652615,0.431463271,0.922706243,0.9228,0.916166663,0.744638741
10,feature_0.01,default,MNIST,2,20,0.9843,0.984297922,0.05799507,0.984329396,0.9843,0.984499991,0.060470264
10,feature_0.01,federated_robust_scaling,MNIST,2,60,0.8021,0.804202282,0.637327135,0.811107504,0.8021,0.805999994,0.617393017
10,feature_0.01,federated_min_max,MNIST,2,32,0.9902,0.990196336,0.058140833,0.990205833,0.9902,0.986833334,0.046220865
10,feature_0.01,federated_z_score,MNIST,2,26,0.9874,0.987394551,0.039695334,0.987404589,0.9874,0.987500012,0.04390616
50,feature_0.1,layer_norm,MNIST,3,60,0.9869,0.986900043,0.042725708,0.986924972,0.9869,0.983833313,0.058630683
50,feature_0.1,layer_norm,MNIST,1,49,0.9865,0.986498901,0.04667123,0.986529667,0.9865,0.980833352,0.067496978
10,feature_0.01,local_robust_scaling,MNIST,2,60,0.7632,0.766804856,1.113716364,0.773924842,0.7632,0.757000029,1.072181463
10,feature_0.01,instance_norm,MNIST,2,17,0.9873,0.987300086,0.038087096,0.987319035,0.9873,0.987166643,0.045181237
10,feature_0.01,group_norm,MNIST,2,15,0.9878,0.98779732,0.035467174,0.98780536,0.9878,0.986000001,0.050601024
10,feature_0.01,layer_norm,MNIST,2,16,0.9889,0.988896859,0.036829479,0.988902251,0.9889,0.985333323,0.054715298
10,feature_0.01,batch_norm,MNIST,2,25,0.99,0.989997589,0.030856283,0.990014335,0.99,0.988666654,0.047276076
10,feature_0.01,local_min_max,MNIST,2,7,0.9759,0.975882409,0.611328542,0.975910677,0.9759,0.97116667,0.479330838
50,feature_0.1,batch_norm,MNIST,3,60,0.9866,0.986591323,0.042745575,0.986604993,0.9866,0.984333336,0.055319037
50,feature_0.1,batch_norm,MNIST,1,60,0.9873,0.987296837,0.037541982,0.987305479,0.9873,0.983833313,0.062257234
50,feature_0.1,local_min_max,MNIST,1,7,0.9187,0.918536218,1.013162494,0.918542568,0.9187,0.906166673,2.579300165
50,feature_0.1,local_min_max,MNIST,3,11,0.9326,0.932658623,0.585570633,0.932969763,0.9326,0.920666695,1.106418014
50,feature_0.1,local_z_score,MNIST,3,2,0.8477,0.846557098,1.364991784,0.846771513,0.8477,0.840166688,1.328130007
50,feature_0.1,local_z_score,MNIST,1,10,0.9402,0.940097328,1.43404305,0.940125606,0.9402,0.941833317,1.201660037
20,feature_0.01,default,MNIST,3,19,0.9806,0.98060153,0.064820163,0.980640206,0.9806,0.977666676,0.082719639
20,feature_0.01,default,MNIST,1,25,0.9837,0.983696114,0.061179888,0.983701991,0.9837,0.980833352,0.078789413
20,feature_0.01,federated_robust_scaling,MNIST,3,60,0.8045,0.804764516,0.649813354,0.807417601,0.8045,0.79733336,0.646283627
20,feature_0.01,federated_robust_scaling,MNIST,1,33,0.6153,0.626134819,1.19297123,0.728234957,0.6153,0.61316669,1.182768703
20,feature_0.01,federated_min_max,MNIST,3,60,0.9886,0.988595306,0.053955574,0.988607393,0.9886,0.985833347,0.050886657
20,feature_0.01,federated_min_max,MNIST,1,60,0.989,0.988996762,0.068980478,0.98900824,0.989,0.987333357,0.046524107
20,feature_0.01,federated_z_score,MNIST,3,40,0.9882,0.988198179,0.094998181,0.988215135,0.9882,0.986166656,0.057523772
20,feature_0.01,federated_z_score,MNIST,1,60,0.9886,0.988597234,0.110211477,0.988605848,0.9886,0.988666654,0.046040554
20,feature_0.01,local_robust_scaling,MNIST,3,48,0.7053,0.702991939,1.337401032,0.712674429,0.7053,0.703833342,1.277209163
20,feature_0.01,local_robust_scaling,MNIST,1,35,0.6977,0.696613928,1.401713371,0.713997483,0.6977,0.683833361,1.316720486
20,feature_0.01,instance_norm,MNIST,3,28,0.9851,0.985094336,0.047221679,0.985102703,0.9851,0.986500025,0.057469204
20,feature_0.01,instance_norm,MNIST,1,42,0.988,0.987995652,0.039315835,0.988012215,0.988,0.987333357,0.052978575
20,feature_0.01,group_norm,MNIST,3,34,0.9893,0.989300416,0.03449554,0.989319519,0.9893,0.987666667,0.048508663
20,feature_0.01,group_norm,MNIST,1,35,0.9889,0.988894226,0.035998337,0.988907302,0.9889,0.987500012,0.048410844
20,feature_0.01,layer_norm,MNIST,3,33,0.9891,0.989096171,0.037592206,0.989109028,0.9891,0.985666692,0.047888543
20,feature_0.01,layer_norm,MNIST,1,26,0.9878,0.987792506,0.037902087,0.987800666,0.9878,0.987666667,0.045657426
20,feature_0.01,batch_norm,MNIST,3,26,0.9876,0.987591478,0.038611889,0.987603,0.9876,0.986833334,0.048332091
20,feature_0.01,local_min_max,MNIST,3,1,0.0935,0.022720761,2.796229124,0.095263462,0.0935,0.09533333,2.82276082
20,feature_0.01,batch_norm,MNIST,1,27,0.9889,0.988896642,0.034957521,0.988906462,0.9889,0.986166656,0.051615611
20,feature_0.01,local_z_score,MNIST,3,3,0.9316,0.931509042,3.631851912,0.931637233,0.9316,0.927999973,4.021990776
20,feature_0.01,local_min_max,MNIST,1,1,0.0897,0.025405959,2.929142475,0.117067957,0.0897,0.086999997,2.718015194
20,feature_0.01,local_z_score,MNIST,1,7,0.963,0.962959972,2.162724257,0.962973249,0.963,0.958500028,3.421270132
20,feature_0.1,default,MNIST,3,24,0.982,0.981990835,0.061346538,0.982025967,0.982,0.981999993,0.07559517
20,feature_0.1,default,MNIST,1,35,0.9837,0.983705219,0.061360151,0.983740598,0.9837,0.980333328,0.073798597
20,feature_0.1,federated_robust_scaling,MNIST,3,60,0.8521,0.852001384,0.46265015,0.853115283,0.8521,0.856333315,0.450046659
20,feature_0.1,federated_robust_scaling,MNIST,1,60,0.8315,0.831627387,0.535563767,0.832892787,0.8315,0.829999983,0.523150384
20,feature_0.1,federated_min_max,MNIST,3,60,0.9882,0.988196741,0.033340681,0.988217732,0.9882,0.986333311,0.049573045
20,feature_0.1,federated_min_max,MNIST,1,60,0.9887,0.988697718,0.036823019,0.988715484,0.9887,0.984666646,0.052091137
20,feature_0.1,federated_z_score,MNIST,3,49,0.9879,0.987894501,0.043589126,0.987909742,0.9879,0.987166643,0.049113519
20,feature_0.1,federated_z_score,MNIST,1,47,0.9876,0.98759359,0.038689956,0.987607766,0.9876,0.987666667,0.047353107
20,feature_0.1,local_robust_scaling,MNIST,3,60,0.8217,0.82247682,0.879752219,0.824492247,0.8217,0.814166665,0.847594619
20,feature_0.1,local_robust_scaling,MNIST,1,60,0.7989,0.798603415,0.953598857,0.800531475,0.7989,0.791333318,0.916006207
20,feature_0.1,instance_norm,MNIST,3,30,0.9868,0.986800317,0.042526312,0.986812493,0.9868,0.984333336,0.055085603
20,feature_0.1,instance_norm,MNIST,1,31,0.9891,0.989099955,0.038943343,0.989109441,0.9891,0.987333357,0.043173097
20,feature_0.1,group_norm,MNIST,3,28,0.9884,0.988396941,0.038800649,0.988405098,0.9884,0.985166669,0.049412873
20,feature_0.1,group_norm,MNIST,1,34,0.9908,0.990799657,0.033734113,0.990815832,0.9908,0.98816669,0.046146061
20,feature_0.1,layer_norm,MNIST,3,33,0.9881,0.988093685,0.041568819,0.988102615,0.9881,0.986000001,0.048366334
20,feature_0.1,layer_norm,MNIST,1,27,0.987,0.986994252,0.04459041,0.987001372,0.987,0.98483336,0.052574363
20,feature_0.1,batch_norm,MNIST,3,32,0.9888,0.988797326,0.035884172,0.988804385,0.9888,0.988333344,0.050369442
20,feature_0.1,local_min_max,MNIST,3,6,0.9512,0.951127217,0.411748588,0.951165388,0.9512,0.945666671,0.45174551
20,feature_0.1,batch_norm,MNIST,1,29,0.9879,0.987896408,0.038775291,0.98791255,0.9879,0.986999989,0.051210839
20,feature_0.1,local_z_score,MNIST,3,8,0.9668,0.966774091,0.25958693,0.966800264,0.9668,0.964166641,0.476774365
20,feature_0.1,local_min_max,MNIST,1,11,0.9683,0.968274707,0.320182055,0.968366089,0.9683,0.959999979,0.499704093
10,feature_0.01,default,MNIST,3,23,0.985,0.984997121,0.053704061,0.98501728,0.985,0.985000014,0.0685528
20,feature_0.1,local_z_score,MNIST,1,10,0.9731,0.973087623,0.429692328,0.973107255,0.9731,0.970833361,0.274364531
10,feature_0.01,default,MNIST,1,23,0.984,0.983999178,0.057163019,0.984016102,0.984,0.983333349,0.06417089
10,feature_0.01,federated_robust_scaling,MNIST,3,60,0.8618,0.862153059,0.462644249,0.865381561,0.8618,0.856833339,0.465089321
10,feature_0.01,federated_robust_scaling,MNIST,1,36,0.7689,0.768183662,0.742347419,0.774153347,0.7689,0.769666672,0.742048025
10,feature_0.01,federated_min_max,MNIST,3,41,0.9902,0.990198519,0.034993846,0.990215447,0.9902,0.988833308,0.040542334
10,feature_0.01,federated_min_max,MNIST,1,37,0.9916,0.991602272,0.041922528,0.991611915,0.9916,0.988833308,0.043509562
10,feature_0.01,federated_z_score,MNIST,3,21,0.9874,0.987398511,0.078500114,0.987413709,0.9874,0.986500025,0.047096696
10,feature_0.01,federated_z_score,MNIST,1,12,0.9837,0.983687626,0.068569399,0.983725051,0.9837,0.98150003,0.064177126
10,feature_0.01,local_robust_scaling,MNIST,3,42,0.7341,0.737380202,1.177996635,0.74912167,0.7341,0.729333341,1.123320222
10,feature_0.01,local_robust_scaling,MNIST,1,35,0.7584,0.758615586,1.091617584,0.761454312,0.7584,0.746333361,1.059556842
10,feature_0.01,instance_norm,MNIST,3,18,0.988,0.98799566,0.039829414,0.988005805,0.988,0.988333344,0.044384945
10,feature_0.01,instance_norm,MNIST,1,18,0.9863,0.986298471,0.044418223,0.98632888,0.9863,0.985000014,0.049607191
10,feature_0.01,group_norm,MNIST,1,14,0.9881,0.988099085,0.037450831,0.988109422,0.9881,0.985333323,0.047056884
10,feature_0.01,group_norm,MNIST,3,20,0.9901,0.99009945,0.032474417,0.990105057,0.9901,0.987500012,0.046648774
10,feature_0.01,layer_norm,MNIST,1,22,0.9902,0.990196643,0.029760318,0.990210132,0.9902,0.986500025,0.047121786
10,feature_0.01,layer_norm,MNIST,3,21,0.9869,0.986897517,0.040881384,0.986901808,0.9869,0.986166656,0.050221186
10,feature_0.01,batch_norm,MNIST,1,15,0.9892,0.98919511,0.035585634,0.989228686,0.9892,0.984333336,0.05033607
10,feature_0.01,batch_norm,MNIST,3,15,0.9904,0.990399609,0.029960221,0.990409259,0.9904,0.986333311,0.047192417
10,feature_0.01,local_min_max,MNIST,1,3,0.9497,0.949727435,1.13945055,0.950079135,0.9497,0.943166673,0.942413151
10,feature_0.01,local_z_score,MNIST,2,5,0.9726,0.97257938,1.023840427,0.972660616,0.9726,0.970833361,0.440936893
10,feature_0.01,local_min_max,MNIST,3,1,0.8855,0.885102703,1.08489573,0.888946948,0.8855,0.882166684,1.681739688
10,feature_0.01,local_z_score,MNIST,1,5,0.973,0.972973237,0.83118701,0.973013409,0.973,0.970666647,0.680868626
10,feature_0.01,local_z_score,MNIST,3,2,0.9535,0.953427888,0.746058941,0.953490481,0.9535,0.948499978,1.166802764
10,feature_0.1,default,MNIST,2,30,0.9861,0.986090747,0.05613672,0.986112043,0.9861,0.984000027,0.065848738
10,feature_0.1,default,MNIST,1,21,0.9848,0.98480543,0.056238808,0.984824803,0.9848,0.985833347,0.054447833
10,feature_0.1,default,MNIST,3,23,0.9853,0.985299152,0.056647919,0.985314001,0.9853,0.984166682,0.06541793
10,feature_0.1,federated_robust_scaling,MNIST,2,60,0.9173,0.917490554,0.273117542,0.918372612,0.9173,0.916499972,0.275414497
10,feature_0.1,federated_robust_scaling,MNIST,1,60,0.931,0.931006842,0.222083256,0.932250869,0.931,0.925166667,0.230895594
10,feature_0.1,federated_robust_scaling,MNIST,3,60,0.8769,0.876869782,0.394478261,0.877209296,0.8769,0.876333356,0.387144685
10,feature_0.1,federated_min_max,MNIST,2,40,0.9894,0.989398757,0.032638449,0.98941952,0.9894,0.988499999,0.042714629
10,feature_0.1,federated_min_max,MNIST,1,35,0.9908,0.990797031,0.031051639,0.99080568,0.9908,0.986999989,0.047794577
10,feature_0.1,federated_min_max,MNIST,3,36,0.9905,0.990499093,0.028048657,0.990504632,0.9905,0.986999989,0.046231788
10,feature_0.1,federated_z_score,MNIST,2,14,0.9861,0.986100708,0.042244677,0.986122356,0.9861,0.985666692,0.059082545
10,feature_0.1,federated_z_score,MNIST,1,21,0.9884,0.988399784,0.037011296,0.988410956,0.9884,0.984666646,0.052356202
10,feature_0.1,federated_z_score,MNIST,3,27,0.9879,0.987898544,0.043246601,0.987906602,0.9879,0.986666679,0.061337285
10,feature_0.1,local_robust_scaling,MNIST,2,60,0.8713,0.871120252,0.68705678,0.871850825,0.8713,0.86833334,0.643314719
10,feature_0.1,local_robust_scaling,MNIST,1,52,0.8729,0.873512243,0.662208319,0.87586974,0.8729,0.870999992,0.610498726
10,feature_0.1,local_robust_scaling,MNIST,3,60,0.8915,0.89209667,0.63600719,0.893829002,0.8915,0.888499975,0.533989608
10,feature_0.1,instance_norm,MNIST,2,17,0.9875,0.987495267,0.038757566,0.987506504,0.9875,0.987666667,0.050539501
10,feature_0.1,instance_norm,MNIST,1,18,0.9878,0.987798245,0.036742046,0.987804558,0.9878,0.986500025,0.050335351
10,feature_0.1,instance_norm,MNIST,3,19,0.9875,0.987498403,0.040031325,0.987515308,0.9875,0.987666667,0.045710281
10,feature_0.1,group_norm,MNIST,2,20,0.9895,0.98949777,0.032204088,0.989511722,0.9895,0.987999976,0.046011858
10,feature_0.1,group_norm,MNIST,1,16,0.9891,0.989091484,0.034350172,0.989114919,0.9891,0.986833334,0.048468735
10,feature_0.1,group_norm,MNIST,3,24,0.9902,0.990202944,0.032793913,0.990218564,0.9902,0.988666654,0.047783192
10,feature_0.1,layer_norm,MNIST,2,23,0.9887,0.988698542,0.041323982,0.98871886,0.9887,0.987166643,0.044475239
10,feature_0.1,layer_norm,MNIST,1,20,0.9873,0.987298052,0.038860649,0.987311501,0.9873,0.986500025,0.04627886
10,feature_0.1,layer_norm,MNIST,3,19,0.9885,0.988498123,0.03964366,0.988509123,0.9885,0.986333311,0.052600235
10,feature_0.1,batch_norm,MNIST,2,16,0.9904,0.990399899,0.028846765,0.990404654,0.9904,0.987999976,0.04546617
10,feature_0.1,batch_norm,MNIST,1,21,0.9907,0.990696224,0.0319672,0.990706194,0.9907,0.989499986,0.042534687
10,feature_0.1,local_min_max,MNIST,1,6,0.975,0.974984637,0.101788327,0.975049154,0.975,0.971666694,0.12289153
10,feature_0.1,batch_norm,MNIST,3,16,0.9895,0.989497467,0.035767652,0.989509107,0.9895,0.987166643,0.048370112
10,feature_0.1,local_min_max,MNIST,2,16,0.9876,0.987596793,0.139616266,0.987606579,0.9876,0.983833313,0.108236775
10,feature_0.1,local_min_max,MNIST,3,7,0.9751,0.975077296,0.173051,0.975113133,0.9751,0.968999982,0.198797703
10,feature_0.1,local_z_score,MNIST,3,4,0.9676,0.967565025,0.256413311,0.967623373,0.9676,0.966666639,0.151309699
10,feature_0.1,local_z_score,MNIST,2,25,0.987,0.98700083,0.126892939,0.987012442,0.987,0.986333311,0.105071522
10,feature_0.1,local_z_score,MNIST,1,33,0.9872,0.987200064,0.30009374,0.987206583,0.9872,0.986166656,0.071940191
50,quantity_0.7,federated_robust_scaling,MNIST,1,60,0.9486,0.948559978,0.163841978,0.948614489,0.9486,0.950333357,0.158939257
50,quantity_0.7,federated_min_max,MNIST,1,60,0.9877,0.987699338,0.039150618,0.987712116,0.9877,0.986000001,0.054053009
50,quantity_0.7,federated_z_score,MNIST,1,49,0.9873,0.987296292,0.04235018,0.987299705,0.9873,0.986333311,0.051943712
50,quantity_5.0,federated_robust_scaling,MNIST,1,60,0.9321,0.93198792,0.213544995,0.932129096,0.9321,0.934666693,0.208033487
50,quantity_5.0,federated_min_max,MNIST,1,60,0.9852,0.985195612,0.0450859,0.985204327,0.9852,0.981666684,0.062804461
50,quantity_5.0,federated_z_score,MNIST,1,60,0.9861,0.986097185,0.041148271,0.986116931,0.9861,0.984499991,0.058605887
50,label_0.5,federated_robust_scaling,MNIST,1,60,0.8395,0.836675599,0.503176987,0.838496405,0.8395,0.827499986,0.501626372
50,label_0.5,federated_min_max,MNIST,1,60,0.9768,0.976754394,0.079653546,0.97691556,0.9768,0.969833314,0.102314271
50,label_0.5,federated_z_score,MNIST,1,60,0.9754,0.975348371,0.074473791,0.97554376,0.9754,0.973833323,0.087011486
50,label_5.0,federated_robust_scaling,MNIST,1,60,0.9074,0.907121483,0.299935192,0.907739424,0.9074,0.904999971,0.303526759
50,label_5.0,federated_min_max,MNIST,1,60,0.9849,0.984893966,0.047719724,0.984927362,0.9849,0.978666663,0.068654425
50,label_5.0,federated_z_score,MNIST,1,60,0.9833,0.983282135,0.053724535,0.983328748,0.9833,0.98299998,0.0637004
50,quantity_0.7,federated_robust_scaling,MNIST,2,60,0.9543,0.954259352,0.144340679,0.954347038,0.9543,0.953333318,0.153494358
50,quantity_0.7,federated_min_max,MNIST,2,60,0.9891,0.989098401,0.035330012,0.989114106,0.9891,0.987166643,0.052101597
50,quantity_0.7,federated_z_score,MNIST,2,44,0.9875,0.987498807,0.040120017,0.987523296,0.9875,0.98483336,0.057264995
50,quantity_5.0,federated_robust_scaling,MNIST,2,60,0.9174,0.91735975,0.262503535,0.917550315,0.9174,0.913666666,0.272198945
50,quantity_5.0,federated_min_max,MNIST,2,60,0.9858,0.985798071,0.042997677,0.985814961,0.9858,0.981000006,0.060175169
50,quantity_5.0,federated_z_score,MNIST,2,60,0.9849,0.984893553,0.044695634,0.984900049,0.9849,0.985499978,0.067138135
50,label_0.5,federated_robust_scaling,MNIST,2,60,0.8632,0.860809202,0.430149615,0.865576357,0.8632,0.84983331,0.427633315
20,quantity_0.7,federated_robust_scaling,MNIST,1,38,0.9654,0.965356841,0.116591372,0.965491491,0.9654,0.965666652,0.116383471
20,quantity_0.7,federated_min_max,MNIST,1,32,0.989,0.988995389,0.037227657,0.989016186,0.989,0.987500012,0.047220662
20,quantity_0.7,federated_z_score,MNIST,1,19,0.9884,0.988400344,0.036945552,0.988421201,0.9884,0.985666692,0.046249084
50,label_0.5,federated_min_max,MNIST,2,60,0.9757,0.975640106,0.075829521,0.975826845,0.9757,0.97299999,0.093434878
20,quantity_5.0,federated_robust_scaling,MNIST,1,60,0.9643,0.964282884,0.108928747,0.964336803,0.9643,0.965166688,0.122291893
20,quantity_5.0,federated_min_max,MNIST,1,60,0.9906,0.990598856,0.030564306,0.990606239,0.9906,0.987833321,0.046367187
50,label_0.5,federated_z_score,MNIST,2,60,0.9806,0.980550192,0.06223695,0.980656799,0.9806,0.980833352,0.074413456
20,quantity_5.0,federated_z_score,MNIST,1,28,0.9874,0.98739442,0.038625203,0.987429901,0.9874,0.98299998,0.068069734
20,label_0.5,federated_robust_scaling,MNIST,1,60,0.9158,0.914518721,0.260286897,0.917349296,0.9158,0.916833341,0.264086843
50,label_5.0,federated_robust_scaling,MNIST,2,60,0.8767,0.876262561,0.38502112,0.876873396,0.8767,0.86650002,0.391194373
20,label_0.5,federated_min_max,MNIST,1,60,0.9874,0.98738457,0.043887299,0.98741896,0.9874,0.981166661,0.065860383
20,label_0.5,federated_z_score,MNIST,1,60,0.9869,0.986884459,0.044425245,0.986963195,0.9869,0.984333336,0.062812574
50,label_5.0,federated_min_max,MNIST,2,60,0.9836,0.983578874,0.05250575,0.983629101,0.9836,0.97816664,0.068199277
20,label_5.0,federated_robust_scaling,MNIST,1,60,0.9603,0.960238692,0.130294144,0.960350309,0.9603,0.957000017,0.14308235
20,label_5.0,federated_min_max,MNIST,1,60,0.9887,0.988691622,0.037765294,0.988721213,0.9887,0.986166656,0.051848993
20,label_5.0,federated_z_score,MNIST,1,27,0.9866,0.986595663,0.044116974,0.986629791,0.9866,0.982333362,0.061186463
50,label_5.0,federated_z_score,MNIST,2,60,0.9833,0.98329056,0.054304827,0.983320939,0.9833,0.982333362,0.065941744
20,quantity_0.7,federated_robust_scaling,MNIST,2,51,0.9644,0.964397402,0.113358445,0.964552384,0.9644,0.966499984,0.11813508
20,quantity_0.7,federated_min_max,MNIST,2,29,0.9899,0.989897528,0.031209653,0.989917243,0.9899,0.986166656,0.047556106
20,quantity_0.7,federated_z_score,MNIST,2,13,0.9853,0.985296715,0.045264337,0.98531696,0.9853,0.98299998,0.066942506
20,quantity_5.0,federated_robust_scaling,MNIST,2,60,0.9649,0.964839539,0.11755193,0.9649004,0.9649,0.969500005,0.105662279
20,quantity_5.0,federated_min_max,MNIST,2,51,0.9905,0.990497712,0.031659197,0.990502309,0.9905,0.988333344,0.045605905
10,quantity_0.7,federated_robust_scaling,MNIST,1,49,0.968,0.967962939,0.106424622,0.968030781,0.968,0.970666647,0.10280177
20,quantity_5.0,federated_z_score,MNIST,2,18,0.9846,0.98460017,0.048273161,0.984647433,0.9846,0.981666684,0.078985728
10,quantity_0.7,federated_min_max,MNIST,1,19,0.9892,0.989199023,0.031289328,0.989211228,0.9892,0.987166643,0.043623388
10,quantity_0.7,federated_z_score,MNIST,1,14,0.9882,0.988191122,0.040732227,0.988222641,0.9882,0.987333357,0.045337722
20,label_0.5,federated_robust_scaling,MNIST,2,60,0.9372,0.936466746,0.199681625,0.939365884,0.9372,0.937333345,0.21024023
10,quantity_5.0,federated_robust_scaling,MNIST,1,60,0.9684,0.968372457,0.113622032,0.96847486,0.9684,0.96966666,0.109571755
10,quantity_5.0,federated_min_max,MNIST,1,37,0.9921,0.992099301,0.027216272,0.992110499,0.9921,0.987500012,0.044398971
20,label_0.5,federated_min_max,MNIST,2,60,0.9814,0.981335569,0.06193053,0.981521351,0.9814,0.980166674,0.077798896
10,quantity_5.0,federated_z_score,MNIST,1,26,0.9892,0.989197171,0.038369916,0.989202302,0.9892,0.987333357,0.04603675
10,label_0.5,federated_robust_scaling,MNIST,1,60,0.9595,0.959410148,0.139835298,0.960017389,0.9595,0.957666695,0.142695665
20,label_0.5,federated_z_score,MNIST,2,38,0.9787,0.978608255,0.071000986,0.978923796,0.9787,0.980333328,0.090389065
10,label_0.5,federated_min_max,MNIST,1,40,0.9887,0.988694513,0.041473769,0.988735847,0.9887,0.98483336,0.056415897
10,label_0.5,federated_z_score,MNIST,1,24,0.9858,0.985781017,0.048228506,0.985863938,0.9858,0.985833347,0.05283393
20,label_5.0,federated_robust_scaling,MNIST,2,60,0.9447,0.944501899,0.170895711,0.94486184,0.9447,0.948166668,0.165246725
10,label_5.0,federated_robust_scaling,MNIST,1,60,0.9685,0.968414368,0.104885824,0.968589193,0.9685,0.968666673,0.113980182
20,label_5.0,federated_min_max,MNIST,2,60,0.9902,0.990195197,0.033808991,0.990213381,0.9902,0.986500025,0.047943823
10,label_5.0,federated_min_max,MNIST,1,35,0.9891,0.989080939,0.03519709,0.989134554,0.9891,0.986333311,0.049160905
10,label_5.0,federated_z_score,MNIST,1,16,0.9855,0.985488698,0.044927653,0.985546832,0.9855,0.98483336,0.060811203
20,label_5.0,federated_z_score,MNIST,2,46,0.9893,0.989295277,0.040932212,0.989300176,0.9893,0.986333311,0.050734974
50,quantity_0.7,federated_robust_scaling,MNIST,3,60,0.9345,0.934509192,0.21108216,0.934692793,0.9345,0.934499979,0.205192268
50,quantity_0.7,federated_min_max,MNIST,3,60,0.9886,0.988599023,0.03524863,0.988611457,0.9886,0.984166682,0.054517232
50,quantity_0.7,federated_z_score,MNIST,3,40,0.9859,0.985899972,0.041564025,0.985918351,0.9859,0.984666646,0.054699961
50,quantity_5.0,federated_robust_scaling,MNIST,3,60,0.9089,0.908706583,0.284635633,0.909096504,0.9089,0.911000013,0.281078458
50,quantity_5.0,federated_min_max,MNIST,3,60,0.9846,0.984591225,0.051219273,0.984612637,0.9846,0.981333315,0.065414727
50,quantity_5.0,federated_z_score,MNIST,3,60,0.9854,0.985394397,0.049063072,0.985412537,0.9854,0.982500017,0.065918498
50,label_0.5,federated_robust_scaling,MNIST,3,60,0.7847,0.77823669,0.656593144,0.790848809,0.7847,0.781499982,0.650883079
50,label_0.5,federated_min_max,MNIST,3,60,0.9719,0.971722771,0.097022481,0.9721548,0.9719,0.967000008,0.112723164
50,label_0.5,federated_z_score,MNIST,3,60,0.9763,0.976188035,0.087439455,0.976552952,0.9763,0.974666655,0.095885038
50,label_5.0,federated_robust_scaling,MNIST,3,60,0.8903,0.889820224,0.350521058,0.889825614,0.8903,0.886666656,0.347633898
50,label_5.0,federated_min_max,MNIST,3,60,0.986,0.985994332,0.042713907,0.9860448,0.986,0.981666684,0.057745624
50,label_5.0,federated_z_score,MNIST,3,60,0.9845,0.984495325,0.0568351,0.984507808,0.9845,0.982333362,0.088279009
10,quantity_0.7,federated_z_score,MNIST,2,15,0.9878,0.987802579,0.035599582,0.987836524,0.9878,0.988666654,0.045128673
10,quantity_5.0,federated_robust_scaling,MNIST,2,48,0.9739,0.973885675,0.095009461,0.973905104,0.9739,0.971499979,0.097438417
10,quantity_5.0,federated_min_max,MNIST,2,27,0.9889,0.988898012,0.03284486,0.988918718,0.9889,0.987833321,0.047013458
10,quantity_5.0,federated_z_score,MNIST,2,27,0.9887,0.988697215,0.04023939,0.988703897,0.9887,0.987666667,0.043397084
10,label_0.5,federated_robust_scaling,MNIST,2,60,0.9628,0.962745809,0.129475579,0.962849189,0.9628,0.964333355,0.117105506
10,label_0.5,federated_min_max,MNIST,2,44,0.9887,0.988697042,0.03552708,0.988724565,0.9887,0.985499978,0.051920228
10,label_0.5,federated_z_score,MNIST,2,13,0.9822,0.982175729,0.057099126,0.982220202,0.9822,0.981666684,0.06538479
20,quantity_0.7,federated_robust_scaling,MNIST,3,60,0.9706,0.97058099,0.113996439,0.970619644,0.9706,0.971333325,0.112517454
10,quantity_0.7,federated_robust_scaling,MNIST,2,18,0.9739,0.97387589,0.086509086,0.973922108,0.9739,0.974666655,0.088340417
10,quantity_0.7,federated_min_max,MNIST,2,29,0.9903,0.99029793,0.030003037,0.990308251,0.9903,0.987666667,0.04565043
20,quantity_0.7,federated_min_max,MNIST,3,33,0.9891,0.989097892,0.034634899,0.989111004,0.9891,0.985166669,0.053498458
20,quantity_0.7,federated_z_score,MNIST,3,25,0.9901,0.990097208,0.031508151,0.990121795,0.9901,0.987666667,0.049387496
20,quantity_5.0,federated_robust_scaling,MNIST,3,60,0.9612,0.961161768,0.13170135,0.961218141,0.9612,0.958833337,0.139598966
20,label_5.0,federated_min_max,MNIST,3,60,0.9896,0.989593783,0.033825826,0.989611825,0.9896,0.987166643,0.049666159
20,quantity_5.0,federated_min_max,MNIST,3,60,0.9888,0.988797019,0.035081748,0.988804155,0.9888,0.988333344,0.047654252
20,quantity_5.0,federated_z_score,MNIST,3,36,0.9867,0.986694394,0.038185775,0.986721958,0.9867,0.986000001,0.049996048
20,label_0.5,federated_robust_scaling,MNIST,3,60,0.9493,0.949069767,0.166667268,0.949687047,0.9493,0.947333336,0.159772515
20,label_0.5,federated_min_max,MNIST,3,60,0.9885,0.988494311,0.039316174,0.988548787,0.9885,0.984499991,0.056598667
20,label_0.5,federated_z_score,MNIST,3,39,0.9855,0.985491512,0.048163418,0.985526498,0.9855,0.982333362,0.056860905
20,label_5.0,federated_robust_scaling,MNIST,3,60,0.9531,0.9529255,0.147098064,0.953323753,0.9531,0.954166651,0.150008783
20,label_5.0,federated_z_score,MNIST,3,51,0.9878,0.987795687,0.038063649,0.987844534,0.9878,0.987666667,0.043872342
10,quantity_0.7,federated_robust_scaling,MNIST,3,29,0.973,0.97296236,0.094703592,0.972999406,0.973,0.973666668,0.091922067
10,quantity_0.7,federated_min_max,MNIST,3,25,0.991,0.99100051,0.032123499,0.991014192,0.991,0.987500012,0.045173492
10,label_0.5,federated_z_score,MNIST,3,38,0.9743,0.973954437,0.10510613,0.974919369,0.9743,0.973833323,0.119340666
10,label_5.0,federated_robust_scaling,MNIST,3,60,0.9657,0.965654559,0.118932858,0.966069178,0.9657,0.964833319,0.124372132
10,label_5.0,federated_robust_scaling,MNIST,2,11,0.8044,0.791816675,0.567101896,0.819455739,0.8044,0.797666669,0.558026373
10,label_5.0,federated_min_max,MNIST,3,37,0.9888,0.988798903,0.038553089,0.988859925,0.9888,0.987500012,0.052770276
10,label_5.0,federated_z_score,MNIST,3,16,0.9837,0.983656073,0.05062867,0.983791105,0.9837,0.983500004,0.068914182
10,quantity_0.7,federated_z_score,MNIST,3,27,0.9881,0.988100606,0.04337709,0.988129213,0.9881,0.987999976,0.054299723
10,quantity_5.0,federated_robust_scaling,MNIST,3,52,0.9701,0.970069966,0.100298457,0.970114468,0.9701,0.970333338,0.104704499
10,quantity_5.0,federated_min_max,MNIST,3,23,0.9891,0.989097824,0.031122595,0.9891218,0.9891,0.987500012,0.042505756
10,quantity_5.0,federated_z_score,MNIST,3,18,0.9866,0.986597861,0.040128209,0.986611701,0.9866,0.985333323,0.063489288
10,label_5.0,federated_min_max,MNIST,2,29,0.9874,0.987363031,0.036474232,0.987491796,0.9874,0.986666679,0.047735758
10,label_5.0,federated_z_score,MNIST,2,17,0.9837,0.98368362,0.049343031,0.983743167,0.9837,0.98299998,0.057898361
10,label_0.5,federated_robust_scaling,MNIST,3,60,0.9214,0.916199329,0.265937656,0.930386075,0.9214,0.91716665,0.26526767
10,label_0.5,federated_min_max,MNIST,3,14,0.9169,0.904322539,0.222154424,0.930788241,0.9169,0.907333314,0.242174089
50,quantity_0.7,default,MNIST,3,36,0.9829,0.982899936,0.068320267,0.982954586,0.9829,0.982166648,0.068155296
50,quantity_0.7,local_robust_scaling,MNIST,3,60,0.9459,0.94585899,0.177634612,0.94587516,0.9459,0.949166656,0.16541256
50,quantity_0.7,instance_norm,MNIST,3,35,0.986,0.985996318,0.047064546,0.986009176,0.986,0.986500025,0.046041742
50,quantity_0.7,group_norm,MNIST,3,20,0.9848,0.984790859,0.047862992,0.984824779,0.9848,0.984499991,0.054799531
50,quantity_0.7,layer_norm,MNIST,3,38,0.987,0.986996465,0.047364976,0.986999257,0.987,0.988833308,0.043138906
50,quantity_0.7,batch_norm,MNIST,3,27,0.9876,0.987596652,0.040635198,0.987607465,0.9876,0.988499999,0.044170268
50,quantity_0.7,local_min_max,MNIST,3,15,0.9653,0.96527026,0.239222407,0.965328508,0.9653,0.964999974,0.261460274
50,quantity_0.7,local_z_score,MNIST,3,30,0.9812,0.981186908,0.139203668,0.981205653,0.9812,0.980499983,0.1508964
50,quantity_5.0,default,MNIST,3,60,0.9827,0.982699168,0.072194107,0.982759585,0.9827,0.982166648,0.077946573
50,quantity_0.7,default,MNIST,2,40,0.9828,0.982795418,0.074112132,0.982808845,0.9828,0.984000027,0.06275893
50,quantity_5.0,local_robust_scaling,MNIST,3,60,0.8749,0.875071255,0.394002914,0.875646712,0.8749,0.877666652,0.383939236
50,quantity_5.0,instance_norm,MNIST,3,44,0.9859,0.985896821,0.048446558,0.985901134,0.9859,0.98483336,0.054894913
50,quantity_5.0,group_norm,MNIST,3,43,0.9877,0.987697432,0.040510118,0.987712453,0.9877,0.987500012,0.050201345
50,quantity_0.7,local_robust_scaling,MNIST,2,60,0.943,0.94301011,0.180170089,0.94323811,0.943,0.947166681,0.163538262
50,quantity_5.0,layer_norm,MNIST,3,52,0.9872,0.987197628,0.040382452,0.987215321,0.9872,0.987666667,0.04278532
50,quantity_0.7,instance_norm,MNIST,2,44,0.9865,0.986496799,0.046433069,0.986511802,0.9865,0.985833347,0.051729038
50,quantity_5.0,batch_norm,MNIST,3,39,0.9863,0.986300572,0.046790849,0.986317222,0.9863,0.985833347,0.045788478
50,quantity_0.7,group_norm,MNIST,2,28,0.989,0.988996696,0.038702626,0.989003746,0.989,0.987833321,0.044285804
50,quantity_5.0,local_min_max,MNIST,3,27,0.9676,0.96757912,0.175988108,0.967687748,0.9676,0.968500018,0.195095852
50,quantity_0.7,layer_norm,MNIST,2,30,0.9859,0.985900015,0.041913882,0.985926712,0.9859,0.986500025,0.049335085
50,quantity_5.0,local_z_score,MNIST,3,26,0.9761,0.976090397,0.141976312,0.976147057,0.9761,0.978500009,0.145390451
50,quantity_0.7,batch_norm,MNIST,2,28,0.987,0.986997308,0.0443196,0.987009093,0.987,0.986000001,0.05061347
50,label_0.5,default,MNIST,3,48,0.966,0.965914787,0.13088043,0.966141324,0.966,0.967999995,0.118652344
50,quantity_0.7,local_min_max,MNIST,2,17,0.9692,0.969197234,0.177153945,0.969293186,0.9692,0.966833353,0.243698284
50,quantity_0.7,local_z_score,MNIST,2,18,0.975,0.975010597,0.167337209,0.975065918,0.975,0.977833331,0.135827363
50,quantity_5.0,default,MNIST,2,40,0.9787,0.97870143,0.087884299,0.978725264,0.9787,0.979833305,0.082535788
50,label_0.5,local_robust_scaling,MNIST,3,60,0.7451,0.732686789,0.831200957,0.758729391,0.7451,0.751333356,0.816151381
50,quantity_5.0,local_robust_scaling,MNIST,2,60,0.9107,0.910661337,0.281710833,0.911061107,0.9107,0.913166642,0.27144751
50,quantity_5.0,instance_norm,MNIST,2,42,0.9841,0.984094171,0.054695696,0.984112562,0.9841,0.986166656,0.05608844
50,label_0.5,instance_norm,MNIST,3,60,0.9767,0.976621978,0.075620241,0.976930674,0.9767,0.977666676,0.078085244
50,quantity_5.0,group_norm,MNIST,2,47,0.9885,0.988495907,0.035881009,0.98851923,0.9885,0.986999989,0.047792532
50,label_0.5,group_norm,MNIST,3,51,0.9852,0.985148302,0.056417115,0.985312114,0.9852,0.980333328,0.067484558
50,quantity_5.0,layer_norm,MNIST,2,39,0.983,0.982994523,0.055855382,0.983001904,0.983,0.984499991,0.052587338
50,label_0.5,layer_norm,MNIST,3,52,0.979,0.978930763,0.069904007,0.979107104,0.979,0.981000006,0.075679988
50,quantity_5.0,batch_norm,MNIST,2,36,0.9867,0.986691558,0.038939185,0.986706222,0.9867,0.986333311,0.050549366
50,quantity_5.0,local_min_max,MNIST,2,23,0.9672,0.967194298,0.170458391,0.967320548,0.9672,0.966499984,0.257455289
50,label_0.5,batch_norm,MNIST,3,60,0.9836,0.98354614,0.058784895,0.983696272,0.9836,0.980333328,0.067556739
50,quantity_5.0,local_z_score,MNIST,2,33,0.9781,0.978097932,0.159215108,0.978140496,0.9781,0.978500009,0.129840747
50,label_0.5,local_min_max,MNIST,3,22,0.8895,0.886645992,0.985720098,0.899329944,0.8895,0.878666639,1.065534353
50,label_0.5,default,MNIST,2,46,0.9714,0.971349824,0.101241417,0.97170043,0.9714,0.970333338,0.112004057
50,label_0.5,local_z_score,MNIST,3,33,0.9329,0.93191574,0.783242166,0.935206111,0.9329,0.924666643,0.60235244
50,label_5.0,default,MNIST,3,51,0.9764,0.976393718,0.086341046,0.976499165,0.9764,0.978333354,0.084194772
50,label_0.5,local_robust_scaling,MNIST,2,60,0.7207,0.708986908,0.901373804,0.726354035,0.7207,0.709833324,0.929520249
50,label_5.0,local_robust_scaling,MNIST,3,60,0.8819,0.880788855,0.372645587,0.883348846,0.8819,0.87683332,0.372597665
50,label_0.5,instance_norm,MNIST,2,60,0.9793,0.979248735,0.071383163,0.979448598,0.9793,0.982666671,0.061751883
50,label_5.0,instance_norm,MNIST,3,49,0.9836,0.983585745,0.053802069,0.983608023,0.9836,0.984333336,0.056470964
50,label_0.5,group_norm,MNIST,2,60,0.9815,0.981452199,0.060104724,0.981631552,0.9815,0.982166648,0.058689676
50,label_5.0,group_norm,MNIST,3,50,0.9868,0.98678239,0.042205974,0.986807559,0.9868,0.986000001,0.048522409
50,label_0.5,layer_norm,MNIST,2,60,0.9779,0.977823874,0.071819961,0.978002809,0.9779,0.978833318,0.074568309
50,label_5.0,layer_norm,MNIST,3,42,0.9829,0.982881764,0.05413194,0.982911344,0.9829,0.984333336,0.055806626
50,label_0.5,batch_norm,MNIST,2,60,0.9826,0.982554797,0.056052998,0.982673992,0.9826,0.982833326,0.057380732
50,label_0.5,local_min_max,MNIST,2,12,0.8421,0.833676203,1.226493359,0.86162492,0.8421,0.834166646,1.303003192
50,label_5.0,batch_norm,MNIST,3,46,0.9862,0.986185155,0.046255484,0.986217011,0.9862,0.988333344,0.047659598
50,label_5.0,local_min_max,MNIST,3,21,0.9524,0.952228742,0.323921263,0.953067499,0.9524,0.948000014,0.400731772
50,label_0.5,local_z_score,MNIST,2,39,0.9352,0.93426637,0.65671128,0.937331793,0.9352,0.936166644,0.61188674
50,label_5.0,local_z_score,MNIST,3,16,0.9581,0.957935906,0.27805388,0.958537866,0.9581,0.958166659,0.49741143
50,label_5.0,default,MNIST,2,60,0.9746,0.974591411,0.096366562,0.974703625,0.9746,0.973999977,0.095862314
50,label_5.0,local_robust_scaling,MNIST,2,60,0.8418,0.840830878,0.502741754,0.843618195,0.8418,0.830833316,0.511046827
50,label_5.0,instance_norm,MNIST,2,60,0.9856,0.985590121,0.047602121,0.985613597,0.9856,0.986500025,0.051007263
50,label_5.0,group_norm,MNIST,2,60,0.9849,0.984886744,0.052160036,0.984916791,0.9849,0.98483336,0.052454919
50,label_5.0,layer_norm,MNIST,2,60,0.9869,0.986881654,0.045263968,0.986920832,0.9869,0.982166648,0.060817964
50,label_5.0,batch_norm,MNIST,2,60,0.985,0.98498879,0.046649199,0.985028607,0.985,0.985499978,0.050843496
50,label_5.0,local_min_max,MNIST,2,17,0.9433,0.942885016,0.380957872,0.944328392,0.9433,0.936166644,0.422506839
50,label_5.0,local_z_score,MNIST,2,24,0.9603,0.96010568,0.22580567,0.960542082,0.9603,0.958500028,0.405274689
50,default,default,MNIST,3,49,0.9774,0.977388768,0.090140417,0.977390112,0.9774,0.980499983,0.08973188
50,default,federated_robust_scaling,MNIST,3,60,0.8832,0.883206999,0.371812046,0.883412117,0.8832,0.887000024,0.354396611
50,default,federated_min_max,MNIST,3,60,0.9851,0.985097211,0.045773562,0.985124171,0.9851,0.983833313,0.056213822
50,default,federated_z_score,MNIST,3,60,0.985,0.984992991,0.04593889,0.985015836,0.985,0.985666692,0.049387563
50,default,local_robust_scaling,MNIST,3,60,0.8608,0.860582266,0.429963529,0.860505951,0.8608,0.855833352,0.440835446
50,default,instance_norm,MNIST,3,46,0.9845,0.984496828,0.047189161,0.984505194,0.9845,0.984666646,0.058822587
50,default,group_norm,MNIST,3,44,0.9881,0.988096742,0.039708514,0.988114161,0.9881,0.986999989,0.044695489
50,default,layer_norm,MNIST,3,60,0.9874,0.987394125,0.042246222,0.987408047,0.9874,0.986999989,0.042376041
50,default,batch_norm,MNIST,3,42,0.9861,0.986097141,0.043406524,0.986107967,0.9861,0.986333311,0.045937944
50,default,local_min_max,MNIST,3,38,0.9726,0.972583818,0.218813941,0.972639866,0.9726,0.97116667,0.209744811
50,default,local_z_score,MNIST,3,29,0.9743,0.974283694,0.125914082,0.974317725,0.9743,0.975166678,0.113934256
20,quantity_0.7,default,MNIST,3,19,0.9852,0.985193337,0.055710729,0.985214394,0.9852,0.981166661,0.063773163
50,default,default,MNIST,2,36,0.9729,0.972922257,0.097323753,0.972990968,0.9729,0.972833335,0.101681165
20,quantity_0.7,local_robust_scaling,MNIST,3,60,0.9674,0.967388687,0.11915265,0.967457164,0.9674,0.972833335,0.095330007
50,default,federated_robust_scaling,MNIST,2,60,0.8499,0.85032947,0.476437807,0.851490883,0.8499,0.853500009,0.459245861
20,quantity_0.7,instance_norm,MNIST,3,18,0.988,0.988000827,0.037758123,0.988028728,0.988,0.987333357,0.043168023
20,quantity_0.7,group_norm,MNIST,3,17,0.9886,0.988599164,0.034394871,0.988604552,0.9886,0.99000001,0.036405832
20,quantity_0.7,layer_norm,MNIST,3,22,0.9886,0.988598649,0.037786137,0.988611218,0.9886,0.988333344,0.044430703
50,default,federated_min_max,MNIST,2,60,0.9833,0.983295037,0.047617186,0.983341427,0.9833,0.985166669,0.058590703
20,quantity_0.7,batch_norm,MNIST,3,17,0.9891,0.98909328,0.036076326,0.989101483,0.9891,0.990333319,0.037243262
20,quantity_0.7,local_min_max,MNIST,3,8,0.9825,0.982499531,0.135507256,0.982552493,0.9825,0.980333328,0.131761134
20,quantity_0.7,local_z_score,MNIST,3,12,0.9844,0.984390565,0.053104781,0.984394361,0.9844,0.983166695,0.064207807
20,quantity_5.0,default,MNIST,3,28,0.9831,0.983094746,0.064336374,0.98313296,0.9831,0.984666646,0.062513553
50,default,federated_z_score,MNIST,2,60,0.9834,0.98339145,0.05062208,0.983417595,0.9834,0.984166682,0.053630922
20,quantity_5.0,local_robust_scaling,MNIST,3,60,0.952,0.951912025,0.166875601,0.95197798,0.952,0.950833321,0.147897556
50,default,local_robust_scaling,MNIST,2,60,0.8851,0.884966564,0.364999533,0.885250436,0.8851,0.885500014,0.355947882
20,quantity_5.0,instance_norm,MNIST,3,27,0.9849,0.984893164,0.054631189,0.984925083,0.9849,0.985333323,0.050689805
20,quantity_5.0,group_norm,MNIST,3,31,0.9902,0.990199043,0.033073064,0.990221471,0.9902,0.990333319,0.035359167
20,quantity_5.0,layer_norm,MNIST,3,29,0.9869,0.986896529,0.040703643,0.986914686,0.9869,0.989000022,0.041804541
20,quantity_5.0,batch_norm,MNIST,3,23,0.9878,0.987793697,0.042942166,0.987826901,0.9878,0.989499986,0.041355401
20,quantity_5.0,local_min_max,MNIST,3,17,0.9799,0.979893745,0.123069361,0.979920625,0.9799,0.982500017,0.094640672
50,default,instance_norm,MNIST,2,60,0.9843,0.984294397,0.052140363,0.984302899,0.9843,0.986000001,0.054011766
20,quantity_5.0,local_z_score,MNIST,3,19,0.9809,0.980893033,0.10869658,0.980903413,0.9809,0.983166695,0.072135791
20,label_0.5,default,MNIST,3,33,0.9747,0.97462893,0.089873835,0.974929952,0.9747,0.976999998,0.10363169
20,label_0.5,local_robust_scaling,MNIST,3,60,0.7571,0.742402277,0.913402081,0.775433354,0.7571,0.75,0.968777478
50,default,group_norm,MNIST,2,60,0.9871,0.987096171,0.044895753,0.987112586,0.9871,0.987833321,0.040923826
20,label_0.5,instance_norm,MNIST,3,33,0.9811,0.981045338,0.063545786,0.981321242,0.9811,0.982833326,0.063549817
20,label_0.5,group_norm,MNIST,3,33,0.9837,0.98366666,0.058541298,0.983800539,0.9837,0.986666679,0.060053054
20,label_0.5,layer_norm,MNIST,3,45,0.9819,0.981838934,0.063592397,0.981983755,0.9819,0.981333315,0.071450107
50,default,layer_norm,MNIST,2,41,0.9829,0.98289458,0.055166986,0.982921434,0.9829,0.982333362,0.060616039
20,label_0.5,batch_norm,MNIST,3,32,0.9841,0.984055212,0.054160625,0.984185794,0.9841,0.982833326,0.060271673
20,label_0.5,local_min_max,MNIST,3,7,0.8572,0.84557193,0.802186251,0.875219856,0.8572,0.853333354,0.804119766
20,label_0.5,local_z_score,MNIST,3,25,0.9524,0.951866678,0.306087345,0.953647323,0.9524,0.950999975,0.288298935
20,label_5.0,default,MNIST,3,33,0.9851,0.985091561,0.053910766,0.98512065,0.9851,0.985000014,0.061198264
50,default,batch_norm,MNIST,2,60,0.9853,0.985288762,0.051948674,0.985321269,0.9853,0.988333344,0.046530686
50,default,local_min_max,MNIST,2,32,0.9719,0.97189048,0.242962062,0.971962824,0.9719,0.970833361,0.207613975
50,default,local_z_score,MNIST,2,36,0.9775,0.977488918,0.134712845,0.977547754,0.9775,0.978999972,0.104656823
20,label_5.0,local_robust_scaling,MNIST,3,60,0.944,0.943863867,0.175685927,0.944084385,0.944,0.941833317,0.179523721
20,quantity_0.7,default,MNIST,2,17,0.9874,0.987397894,0.049210131,0.987402056,0.9874,0.984333336,0.061217163
20,label_5.0,instance_norm,MNIST,3,30,0.9854,0.985396818,0.046321765,0.985414429,0.9854,0.986500025,0.044198282
20,label_5.0,group_norm,MNIST,3,30,0.989,0.988993717,0.037426181,0.989006871,0.989,0.988333344,0.039217632
20,label_5.0,layer_norm,MNIST,3,34,0.9861,0.986091666,0.045501783,0.98611873,0.9861,0.987166643,0.051215705
20,quantity_0.7,local_robust_scaling,MNIST,2,60,0.9623,0.962274986,0.118251309,0.962294232,0.9623,0.970666647,0.093433857
20,label_5.0,batch_norm,MNIST,3,32,0.9887,0.988685843,0.038875997,0.988716505,0.9887,0.988666654,0.04518288
20,quantity_0.7,instance_norm,MNIST,2,13,0.9874,0.98739595,0.040534291,0.987412657,0.9874,0.986333311,0.047970835
20,label_5.0,local_min_max,MNIST,3,21,0.9805,0.980486355,0.102045909,0.980529567,0.9805,0.981000006,0.107664727
20,quantity_0.7,group_norm,MNIST,2,18,0.9889,0.988893899,0.035303682,0.988902084,0.9889,0.990166664,0.039418649
20,label_5.0,local_z_score,MNIST,3,12,0.9735,0.973443661,0.098764159,0.973509785,0.9735,0.972833335,0.098331228
20,quantity_0.7,layer_norm,MNIST,2,15,0.9888,0.988795585,0.038753133,0.988804891,0.9888,0.987999976,0.045611866
20,quantity_0.7,batch_norm,MNIST,2,14,0.9866,0.986597339,0.041780915,0.986621559,0.9866,0.986666679,0.043761514
20,quantity_0.7,local_min_max,MNIST,2,4,0.9744,0.974392131,0.129890814,0.97444547,0.9744,0.973500013,0.182284132
20,quantity_0.7,local_z_score,MNIST,2,15,0.9875,0.987497947,0.057533357,0.987510215,0.9875,0.986999989,0.081353381
20,quantity_5.0,default,MNIST,2,27,0.9853,0.985293629,0.05248969,0.985302702,0.9853,0.984333336,0.055216536
20,quantity_5.0,local_robust_scaling,MNIST,2,60,0.9583,0.95825403,0.136495069,0.958266124,0.9583,0.963333309,0.125024304
20,quantity_5.0,instance_norm,MNIST,2,33,0.9868,0.986794399,0.043918315,0.986813699,0.9868,0.988666654,0.040432215
20,quantity_5.0,group_norm,MNIST,2,23,0.9886,0.988597459,0.035855897,0.988616708,0.9886,0.99000001,0.038357828
20,quantity_5.0,layer_norm,MNIST,2,26,0.9879,0.987899766,0.038908929,0.987906413,0.9879,0.987833321,0.043278355
20,quantity_5.0,batch_norm,MNIST,2,29,0.9888,0.988790866,0.03675542,0.988809364,0.9888,0.989499986,0.040457357
20,quantity_5.0,local_min_max,MNIST,2,25,0.9826,0.982601656,0.119014233,0.982647503,0.9826,0.983333349,0.099233806
20,quantity_5.0,local_z_score,MNIST,2,17,0.9833,0.983283448,0.102890708,0.983298681,0.9833,0.983333349,0.068337485
20,label_0.5,default,MNIST,2,35,0.9758,0.975715681,0.09346386,0.975981535,0.9758,0.975666642,0.09577886
20,label_0.5,local_robust_scaling,MNIST,2,60,0.7987,0.791244338,0.74281466,0.806162752,0.7987,0.785833359,0.821821749
20,label_0.5,instance_norm,MNIST,2,44,0.9844,0.984368313,0.053449269,0.984458048,0.9844,0.983666658,0.062408071
20,default,default,MNIST,3,32,0.9865,0.986495496,0.056610927,0.986513395,0.9865,0.985833347,0.060100459
20,label_0.5,group_norm,MNIST,2,46,0.9849,0.984855119,0.052718926,0.984986685,0.9849,0.984166682,0.057047985
20,default,federated_robust_scaling,MNIST,3,60,0.963,0.962943785,0.122829393,0.962989425,0.963,0.964333355,0.108811446
20,default,federated_min_max,MNIST,3,60,0.9903,0.990300537,0.030594107,0.990306134,0.9903,0.988666654,0.04122017
20,label_0.5,layer_norm,MNIST,2,39,0.9819,0.981842199,0.061153613,0.982054485,0.9819,0.981333315,0.068105482
20,default,federated_z_score,MNIST,3,29,0.9871,0.98710032,0.039769936,0.987119896,0.9871,0.987500012,0.043026
20,label_0.5,batch_norm,MNIST,2,38,0.9867,0.986677828,0.044285391,0.986760441,0.9867,0.987500012,0.051584188
20,label_0.5,local_min_max,MNIST,2,14,0.917,0.914714327,0.858130872,0.922202435,0.917,0.915166676,0.938429177
20,default,local_robust_scaling,MNIST,3,60,0.957,0.956930755,0.133147165,0.956943047,0.957,0.958500028,0.129829764
20,label_0.5,local_z_score,MNIST,2,26,0.9563,0.955863755,0.233604133,0.957300992,0.9563,0.951833308,0.216806516
20,label_5.0,default,MNIST,2,29,0.9833,0.983298721,0.053864703,0.983309524,0.9833,0.985333323,0.05437167
20,default,instance_norm,MNIST,3,36,0.9866,0.986600735,0.045977678,0.986614773,0.9866,0.986333311,0.044478189
20,default,group_norm,MNIST,3,35,0.9885,0.988496374,0.034550261,0.988507643,0.9885,0.988833308,0.038021747
20,default,layer_norm,MNIST,3,27,0.9875,0.987499217,0.042136367,0.987507041,0.9875,0.985833347,0.046150811
20,default,batch_norm,MNIST,3,31,0.9875,0.987493111,0.033403333,0.987514981,0.9875,0.990499973,0.037222467
20,default,local_min_max,MNIST,3,23,0.9822,0.982190278,0.081698552,0.982208297,0.9822,0.97966665,0.096601307
20,default,local_z_score,MNIST,3,18,0.9793,0.979281779,0.094679996,0.979326644,0.9793,0.98299998,0.089560688
20,label_5.0,local_robust_scaling,MNIST,2,60,0.9363,0.936150025,0.204393491,0.936530746,0.9363,0.930166662,0.220639989
10,quantity_0.7,default,MNIST,3,19,0.9853,0.985304143,0.055673238,0.985315717,0.9853,0.986166656,0.051144857
20,label_5.0,instance_norm,MNIST,2,30,0.987,0.986991065,0.038684044,0.987008906,0.987,0.987333357,0.045899775
10,quantity_0.7,local_robust_scaling,MNIST,3,47,0.9716,0.971567327,0.104452051,0.971585173,0.9716,0.97483331,0.093035519
20,label_5.0,group_norm,MNIST,2,30,0.9884,0.988395095,0.038675182,0.988398463,0.9884,0.988666654,0.042251512
10,quantity_0.7,instance_norm,MNIST,3,5,0.9863,0.986298502,0.043137629,0.986311722,0.9863,0.989499986,0.037252173
10,quantity_0.7,group_norm,MNIST,3,8,0.9889,0.988905057,0.034428533,0.988939389,0.9889,0.989666641,0.037663009
10,quantity_0.7,layer_norm,MNIST,3,13,0.9889,0.988903694,0.033645503,0.988945278,0.9889,0.986666679,0.045652751
20,label_5.0,layer_norm,MNIST,2,28,0.9881,0.988094524,0.041004118,0.988124891,0.9881,0.986999989,0.045492243
10,quantity_0.7,batch_norm,MNIST,3,9,0.9899,0.989905986,0.031463549,0.98993856,0.9899,0.989333332,0.036672648
10,quantity_0.7,local_min_max,MNIST,3,9,0.9858,0.985796905,0.106487699,0.985818181,0.9858,0.984333336,0.069902942
10,quantity_0.7,local_z_score,MNIST,3,15,0.988,0.98799666,0.041017573,0.988017971,0.988,0.989000022,0.057941008
20,label_5.0,batch_norm,MNIST,2,22,0.9854,0.985382967,0.047758833,0.985416944,0.9854,0.988333344,0.047666281
10,quantity_5.0,default,MNIST,3,15,0.9844,0.984396412,0.056102455,0.98440957,0.9844,0.983833313,0.063730612
20,label_5.0,local_min_max,MNIST,2,16,0.9745,0.974472442,0.113075525,0.974599493,0.9745,0.973999977,0.174473271
20,label_5.0,local_z_score,MNIST,2,24,0.9832,0.98318435,0.06371057,0.983205963,0.9832,0.983333349,0.086848103
10,quantity_5.0,local_robust_scaling,MNIST,3,49,0.9694,0.969367668,0.103437528,0.969431099,0.9694,0.97483331,0.082257107
10,quantity_5.0,instance_norm,MNIST,3,21,0.9884,0.988398211,0.038906697,0.988410589,0.9884,0.987999976,0.044203002
10,quantity_5.0,group_norm,MNIST,3,12,0.9887,0.988696639,0.034603883,0.988726616,0.9887,0.989666641,0.034972314
10,quantity_5.0,layer_norm,MNIST,3,16,0.9886,0.98859528,0.036390573,0.988617335,0.9886,0.988333344,0.038486738
10,quantity_5.0,batch_norm,MNIST,3,19,0.988,0.987992083,0.039438739,0.988011414,0.988,0.990499973,0.036935292
10,quantity_5.0,local_min_max,MNIST,3,19,0.9865,0.986501966,0.060549464,0.986532461,0.9865,0.987166643,0.04124888
10,quantity_5.0,local_z_score,MNIST,3,10,0.9817,0.9816807,0.075583294,0.981706364,0.9817,0.982500017,0.086106464
10,label_0.5,default,MNIST,3,26,0.9793,0.979251159,0.072622977,0.979525439,0.9793,0.981166661,0.085028142
10,label_0.5,local_robust_scaling,MNIST,3,14,0.7526,0.737485307,0.844053209,0.768634161,0.7526,0.739666641,0.882660151
10,label_0.5,instance_norm,MNIST,3,23,0.9824,0.982337482,0.06391339,0.982553202,0.9824,0.988499999,0.05418716
10,label_0.5,group_norm,MNIST,3,23,0.9833,0.983254652,0.055799242,0.983422307,0.9833,0.983166695,0.06553714
10,label_0.5,layer_norm,MNIST,3,17,0.9812,0.981130771,0.064812265,0.981484087,0.9812,0.978999972,0.070265599
10,label_0.5,batch_norm,MNIST,3,26,0.9846,0.984552088,0.048094526,0.984723966,0.9846,0.984666646,0.049563248
10,label_0.5,local_min_max,MNIST,3,15,0.9692,0.968922076,0.262503415,0.969899429,0.9692,0.961666644,0.403290272
10,label_0.5,local_z_score,MNIST,3,25,0.9716,0.9713785,0.132001206,0.972119626,0.9716,0.968166649,0.172473714
10,label_5.0,default,MNIST,3,35,0.9856,0.985584022,0.064860754,0.985618626,0.9856,0.987666667,0.05797115
10,label_5.0,local_robust_scaling,MNIST,3,60,0.9604,0.960351593,0.146033391,0.960528263,0.9604,0.968833327,0.118654743
10,label_5.0,instance_norm,MNIST,3,15,0.9862,0.986177109,0.044293456,0.986280248,0.9862,0.984333336,0.049161986
10,label_5.0,group_norm,MNIST,3,18,0.9899,0.989888446,0.033521127,0.989940782,0.9899,0.989166677,0.041503578
10,label_5.0,layer_norm,MNIST,3,18,0.9885,0.988496085,0.039546452,0.988522508,0.9885,0.986166656,0.04482365
10,label_5.0,batch_norm,MNIST,3,15,0.9895,0.989497157,0.035320878,0.98953775,0.9895,0.989499986,0.041502781
10,label_5.0,local_min_max,MNIST,3,10,0.9736,0.973525881,0.120973758,0.973780907,0.9736,0.971666694,0.159295395
10,label_5.0,local_z_score,MNIST,3,14,0.9825,0.982460907,0.06500113,0.98251609,0.9825,0.985000014,0.076964699
20,default,default,MNIST,2,31,0.9821,0.982101992,0.061176222,0.982137986,0.9821,0.981999993,0.06223255
20,default,federated_robust_scaling,MNIST,2,60,0.9526,0.952583404,0.151902512,0.952605589,0.9526,0.951833308,0.147558317
20,default,federated_min_max,MNIST,2,47,0.9899,0.989900441,0.029864978,0.989907644,0.9899,0.989499986,0.036059245
20,default,federated_z_score,MNIST,2,40,0.9885,0.988495435,0.033002086,0.988500181,0.9885,0.989499986,0.038557895
10,default,default,MNIST,3,19,0.9835,0.98349231,0.059141174,0.983510697,0.9835,0.983833313,0.063990355
20,default,local_robust_scaling,MNIST,2,60,0.9521,0.952028992,0.142250627,0.952074227,0.9521,0.959833324,0.128088549
10,default,federated_robust_scaling,MNIST,3,60,0.9753,0.975291829,0.084216431,0.97535108,0.9753,0.97966665,0.077005781
10,default,federated_min_max,MNIST,3,34,0.9909,0.990896054,0.029850263,0.990914982,0.9909,0.991333306,0.033201847
20,default,instance_norm,MNIST,2,24,0.9867,0.986696001,0.042282403,0.986712351,0.9867,0.986500025,0.046367299
10,default,federated_z_score,MNIST,3,24,0.9887,0.988695611,0.037235942,0.988699951,0.9887,0.989833355,0.031289637
20,default,group_norm,MNIST,2,22,0.9872,0.987194635,0.039744247,0.98722104,0.9872,0.985333323,0.048999216
10,default,local_robust_scaling,MNIST,3,52,0.9678,0.967780487,0.107222132,0.967821661,0.9678,0.970666647,0.091423564
10,default,instance_norm,MNIST,3,15,0.9886,0.988598122,0.040115945,0.988604756,0.9886,0.986333311,0.045217212
10,default,group_norm,MNIST,3,17,0.9893,0.989295533,0.034077004,0.989316165,0.9893,0.988833308,0.037122134
20,default,layer_norm,MNIST,2,30,0.9877,0.987697067,0.040667713,0.987715921,0.9877,0.986666679,0.044448055
10,default,layer_norm,MNIST,3,21,0.9882,0.988203645,0.038526714,0.988214667,0.9882,0.989833355,0.039922003
10,default,batch_norm,MNIST,3,19,0.9907,0.990698083,0.032350119,0.99071515,0.9907,0.989666641,0.040408328
20,default,batch_norm,MNIST,2,31,0.9892,0.989198866,0.036558811,0.989208129,0.9892,0.989499986,0.039422479
10,default,local_min_max,MNIST,3,26,0.9894,0.989397062,0.04161796,0.989406656,0.9894,0.988499999,0.048241708
10,default,local_z_score,MNIST,3,18,0.9884,0.988396265,0.116068833,0.988407709,0.9884,0.987833321,0.046821702
20,default,local_min_max,MNIST,2,22,0.9821,0.982101289,0.095106192,0.982160991,0.9821,0.981833339,0.097844124
20,default,local_z_score,MNIST,2,17,0.9805,0.980492608,0.11630588,0.980578349,0.9805,0.981166661,0.134338677
10,quantity_0.7,default,MNIST,2,15,0.9853,0.985301191,0.053009186,0.985321718,0.9853,0.986500025,0.053328197
10,quantity_0.7,local_robust_scaling,MNIST,2,19,0.9747,0.974673177,0.082743861,0.974726635,0.9747,0.975833356,0.078092195
10,quantity_0.7,instance_norm,MNIST,2,19,0.9889,0.9888966,0.036025338,0.988908071,0.9889,0.989499986,0.038478483
10,quantity_0.7,group_norm,MNIST,2,14,0.9903,0.990297586,0.034680337,0.990303929,0.9903,0.989333332,0.037580103
10,quantity_0.7,layer_norm,MNIST,2,14,0.9886,0.988604661,0.040010106,0.988630215,0.9886,0.988666654,0.037270583
10,quantity_0.7,batch_norm,MNIST,2,8,0.9891,0.989097753,0.035662796,0.989116433,0.9891,0.989000022,0.036803056
10,quantity_0.7,local_min_max,MNIST,2,10,0.987,0.987000734,0.061798908,0.987040887,0.987,0.98816669,0.060737759
10,quantity_0.7,local_z_score,MNIST,2,9,0.9852,0.985207041,0.072438553,0.985248992,0.9852,0.983833313,0.066750109
10,quantity_5.0,default,MNIST,2,22,0.9842,0.98419232,0.054572865,0.984202786,0.9842,0.986999989,0.053023901
10,quantity_5.0,local_robust_scaling,MNIST,2,50,0.9705,0.970472089,0.104882412,0.970471483,0.9705,0.968500018,0.092247613
10,quantity_5.0,instance_norm,MNIST,2,20,0.9883,0.98830072,0.041846089,0.988306844,0.9883,0.989666641,0.036703441
10,quantity_5.0,group_norm,MNIST,2,12,0.9896,0.989599176,0.03510122,0.989602071,0.9896,0.988833308,0.03985887
10,quantity_5.0,layer_norm,MNIST,2,19,0.9893,0.989296029,0.037027869,0.989317446,0.9893,0.989666641,0.038850356
10,quantity_5.0,batch_norm,MNIST,2,18,0.9893,0.989292711,0.032821983,0.989301944,0.9893,0.990333319,0.039168168
10,quantity_5.0,local_min_max,MNIST,2,24,0.9884,0.988398869,0.040445723,0.988422898,0.9884,0.987666667,0.049947221
10,quantity_5.0,local_z_score,MNIST,2,12,0.9836,0.983599394,0.075951725,0.983668433,0.9836,0.985499978,0.082094848
10,label_0.5,default,MNIST,2,21,0.9768,0.976703212,0.091111735,0.976991438,0.9768,0.97966665,0.087472759
10,label_0.5,local_robust_scaling,MNIST,2,10,0.7171,0.694366478,0.982853591,0.742391894,0.7171,0.704666674,1.015895963
10,label_0.5,instance_norm,MNIST,2,29,0.9829,0.982876904,0.065618664,0.983080796,0.9829,0.983333349,0.067578107
10,label_0.5,group_norm,MNIST,2,25,0.9859,0.985869497,0.050951149,0.98598852,0.9859,0.984666646,0.061793853
10,label_0.5,layer_norm,MNIST,2,29,0.9846,0.984572395,0.054004155,0.984720676,0.9846,0.984666646,0.061941478
10,label_0.5,batch_norm,MNIST,2,19,0.9836,0.983553987,0.048378859,0.983759661,0.9836,0.983500004,0.0619606
10,label_0.5,local_min_max,MNIST,2,11,0.9562,0.955584699,0.213720798,0.958185198,0.9562,0.955500007,0.255208284
10,label_0.5,local_z_score,MNIST,2,29,0.9735,0.973382807,0.143138438,0.9738578,0.9735,0.972333312,0.134297788
10,label_5.0,default,MNIST,2,21,0.9826,0.98257599,0.06535124,0.982639438,0.9826,0.984166682,0.063506812
10,label_5.0,local_robust_scaling,MNIST,2,52,0.9549,0.954785366,0.150831535,0.954935323,0.9549,0.957499981,0.142974317
10,label_5.0,instance_norm,MNIST,2,14,0.9865,0.986490384,0.04347166,0.986540212,0.9865,0.988333344,0.047200836
10,label_5.0,group_norm,MNIST,2,23,0.9885,0.988477519,0.039520342,0.988556101,0.9885,0.988666654,0.047042754
10,label_5.0,layer_norm,MNIST,2,16,0.9874,0.987387296,0.04181321,0.987436657,0.9874,0.986333311,0.050689735
10,label_5.0,batch_norm,MNIST,2,21,0.989,0.988990983,0.03755999,0.989022384,0.989,0.988666654,0.040983148
10,label_5.0,local_min_max,MNIST,2,15,0.9842,0.984168849,0.071716294,0.984257438,0.9842,0.982166648,0.115413137
10,label_5.0,local_z_score,MNIST,2,15,0.9813,0.981271829,0.087986082,0.981338918,0.9813,0.98299998,0.081180401
10,default,default,MNIST,2,17,0.9842,0.984195445,0.053524878,0.984213998,0.9842,0.984333336,0.053430308
10,default,federated_robust_scaling,MNIST,2,60,0.9685,0.968469261,0.101714596,0.968486601,0.9685,0.97299999,0.094423838
10,default,federated_min_max,MNIST,2,37,0.9918,0.991799104,0.025931055,0.991808063,0.9918,0.988666654,0.037244439
10,default,federated_z_score,MNIST,2,28,0.9898,0.989803152,0.030723592,0.9898217,0.9898,0.989666641,0.034550909
10,default,local_robust_scaling,MNIST,2,60,0.9644,0.964370186,0.114655018,0.964441161,0.9644,0.97116667,0.100769654
10,default,instance_norm,MNIST,2,18,0.9868,0.986800007,0.040438145,0.986812241,0.9868,0.988833308,0.042188719
10,default,group_norm,MNIST,2,17,0.9894,0.989400563,0.0321161,0.989429833,0.9894,0.99000001,0.034630872
10,default,layer_norm,MNIST,2,20,0.9888,0.988800951,0.037047137,0.98881144,0.9888,0.990666687,0.030648865
10,default,batch_norm,MNIST,2,14,0.9885,0.988503902,0.036977008,0.988518784,0.9885,0.988833308,0.03624858
10,default,local_min_max,MNIST,2,24,0.9894,0.989399173,0.033704203,0.989401888,0.9894,0.988666654,0.043313261
10,default,local_z_score,MNIST,2,25,0.9868,0.986799491,0.048612073,0.986820095,0.9868,0.987666667,0.056050938
50,quantity_0.7,default,MNIST,1,40,0.9829,0.982895753,0.078931831,0.982909531,0.9829,0.983666658,0.063601971
50,quantity_0.7,local_robust_scaling,MNIST,1,60,0.9466,0.946496252,0.171292871,0.946505628,0.9466,0.956166685,0.15144594
50,quantity_0.7,instance_norm,MNIST,1,27,0.9848,0.984794214,0.049546774,0.984825609,0.9848,0.986999989,0.047472373
50,quantity_0.7,group_norm,MNIST,1,25,0.9856,0.985594868,0.040303871,0.985602247,0.9856,0.986500025,0.044767648
50,quantity_0.7,layer_norm,MNIST,1,34,0.9862,0.98619789,0.046300769,0.986203835,0.9862,0.986666679,0.048353694
50,quantity_0.7,batch_norm,MNIST,1,24,0.9868,0.986790788,0.041710638,0.986816716,0.9868,0.987999976,0.043702137
50,quantity_0.7,local_min_max,MNIST,1,16,0.972,0.971989481,0.19707121,0.972084043,0.972,0.975000024,0.165835693
50,quantity_0.7,local_z_score,MNIST,1,21,0.9764,0.976384245,0.141936988,0.976401248,0.9764,0.979333341,0.098601744
50,quantity_5.0,default,MNIST,1,47,0.9797,0.979704608,0.076738223,0.979730477,0.9797,0.981666684,0.068800285
50,quantity_5.0,local_robust_scaling,MNIST,1,60,0.9139,0.913842887,0.264385313,0.91408678,0.9139,0.916999996,0.258103341
50,quantity_5.0,instance_norm,MNIST,1,46,0.9857,0.985693621,0.051005643,0.98572767,0.9857,0.985333323,0.046480447
50,quantity_5.0,group_norm,MNIST,1,47,0.9858,0.98579861,0.04484348,0.985806913,0.9858,0.986166656,0.045993585
50,label_5.0,local_robust_scaling,MNIST,1,60,0.9018,0.90112165,0.311952233,0.902582301,0.9018,0.895666659,0.311248899
50,label_5.0,instance_norm,MNIST,1,60,0.9853,0.985287736,0.04844955,0.985309234,0.9853,0.982833326,0.05720178
50,label_5.0,local_min_max,MNIST,1,39,0.9682,0.968166712,0.295089513,0.968616863,0.9682,0.96783334,0.251198679
50,label_5.0,local_z_score,MNIST,1,23,0.9666,0.966444694,0.190402448,0.966987715,0.9666,0.963166654,0.49376449
50,default,batch_norm,MNIST,1,60,0.9856,0.98559098,0.041691374,0.985609659,0.9856,0.984666646,0.046791602
50,quantity_5.0,layer_norm,MNIST,1,43,0.9847,0.984700037,0.049105261,0.984718161,0.9847,0.983166695,0.053343389
50,quantity_5.0,batch_norm,MNIST,1,43,0.9873,0.987296057,0.038679432,0.987315162,0.9873,0.98816669,0.047112588
50,label_0.5,default,MNIST,1,60,0.9683,0.96818541,0.117357425,0.96864625,0.9683,0.971499979,0.131450698
50,label_0.5,local_robust_scaling,MNIST,1,13,0.5971,0.577316853,1.350467086,0.602700282,0.5971,0.597166657,1.339187145
50,label_0.5,instance_norm,MNIST,1,60,0.9779,0.977824419,0.075013965,0.978146135,0.9779,0.97633332,0.083601393
50,label_0.5,batch_norm,MNIST,1,43,0.9875,0.98749501,0.04113777,0.987520604,0.9875,0.986666679,0.052852821
50,quantity_5.0,local_min_max,MNIST,1,19,0.9642,0.964186543,0.206181079,0.964281837,0.9642,0.95933336,0.328514725
50,quantity_5.0,local_z_score,MNIST,1,26,0.9777,0.977691303,0.110194348,0.977725855,0.9777,0.977999985,0.127721339
50,label_0.5,group_norm,MNIST,1,41,0.9792,0.979122991,0.070449293,0.979462554,0.9792,0.974666655,0.079142541
50,label_0.5,layer_norm,MNIST,1,42,0.4682,0.45162814,2.168930769,0.616373102,0.4682,0.98299998,0.058999628
50,label_5.0,group_norm,MNIST,1,39,0.9856,0.985580455,0.046162616,0.985620445,0.9856,0.983833313,0.056681458
50,label_5.0,layer_norm,MNIST,1,44,0.9834,0.98337744,0.050331321,0.983425178,0.9834,0.983500004,0.055492982
50,label_5.0,batch_norm,MNIST,1,45,0.9856,0.98558777,0.043980632,0.985622822,0.9856,0.98483336,0.055678442
50,default,group_norm,MNIST,1,41,0.9847,0.984700556,0.046209484,0.984726194,0.9847,0.986333311,0.048318241
50,default,layer_norm,MNIST,1,41,0.9851,0.985093403,0.049120024,0.985107411,0.9851,0.985333323,0.053139281
50,label_0.5,local_min_max,MNIST,1,26,0.9049,0.902763987,0.986674726,0.912047678,0.9049,0.896333337,1.089378119
50,label_0.5,local_z_score,MNIST,1,26,0.9255,0.924165719,0.655366063,0.928143264,0.9255,0.921000004,0.482062608
50,label_5.0,default,MNIST,1,60,0.9771,0.977084055,0.096208908,0.977112012,0.9771,0.977333307,0.076556481
50,default,default,MNIST,1,60,0.9804,0.980405998,0.078448869,0.98048927,0.9804,0.979833305,0.092166767
50,default,federated_robust_scaling,MNIST,1,60,0.901,0.900791029,0.309954375,0.901071254,0.901,0.903500021,0.291786939
50,default,federated_min_max,MNIST,1,60,0.9845,0.984496806,0.049802266,0.98451381,0.9845,0.984666646,0.055504628
50,default,federated_z_score,MNIST,1,60,0.9848,0.984794441,0.044641316,0.984812407,0.9848,0.984499991,0.050946325
50,default,local_robust_scaling,MNIST,1,60,0.8997,0.899600847,0.325205654,0.899782649,0.8997,0.900666654,0.310435981
50,default,instance_norm,MNIST,1,43,0.9862,0.986197526,0.049104244,0.986228181,0.9862,0.985833347,0.048665889
50,default,local_min_max,MNIST,1,22,0.9591,0.959064388,0.24168171,0.959204955,0.9591,0.95599997,0.30840832
50,default,local_z_score,MNIST,1,32,0.9766,0.97658389,0.116651036,0.976610013,0.9766,0.976666689,0.111052155
20,quantity_0.7,default,MNIST,1,19,0.983,0.982992507,0.059436999,0.983035361,0.983,0.982666671,0.065315083
20,quantity_0.7,local_robust_scaling,MNIST,1,60,0.9677,0.967673231,0.114787094,0.967725292,0.9677,0.973500013,0.091258451
20,quantity_0.7,instance_norm,MNIST,1,18,0.9875,0.987494617,0.040138185,0.987513442,0.9875,0.986833334,0.044413265
20,quantity_0.7,group_norm,MNIST,1,15,0.989,0.988998275,0.039727017,0.989010433,0.989,0.987166643,0.04457837
20,quantity_0.7,layer_norm,MNIST,1,17,0.9889,0.988896788,0.039169546,0.9889014,0.9889,0.989333332,0.037700024
20,quantity_0.7,batch_norm,MNIST,1,19,0.9897,0.989697637,0.03198763,0.989707441,0.9897,0.988333344,0.038788486
20,quantity_0.7,local_min_max,MNIST,1,7,0.9822,0.982188693,0.111599512,0.982209582,0.9822,0.979333341,0.151145697
20,quantity_0.7,local_z_score,MNIST,1,20,0.9869,0.986904097,0.133712813,0.986931113,0.9869,0.986833334,0.05608419
20,quantity_5.0,default,MNIST,1,32,0.9841,0.984100092,0.055698503,0.984135419,0.9841,0.982166648,0.062284164
20,quantity_5.0,local_robust_scaling,MNIST,1,60,0.9606,0.960541536,0.128623828,0.960604282,0.9606,0.964833319,0.118668385
20,quantity_5.0,instance_norm,MNIST,1,25,0.9867,0.986697419,0.045506459,0.986706099,0.9867,0.988499999,0.048315879
20,quantity_5.0,group_norm,MNIST,1,20,0.9878,0.987797977,0.040525511,0.987817655,0.9878,0.987166643,0.042092171
20,quantity_5.0,layer_norm,MNIST,1,22,0.9873,0.987294141,0.03850526,0.987315545,0.9873,0.986833334,0.045580313
20,quantity_5.0,batch_norm,MNIST,1,21,0.9866,0.986596629,0.042033248,0.986623867,0.9866,0.986166656,0.047915902
20,quantity_5.0,local_min_max,MNIST,1,38,0.9863,0.986303591,0.116707765,0.986344034,0.9863,0.986333311,0.068331055
20,quantity_5.0,local_z_score,MNIST,1,8,0.9731,0.973091585,0.133884743,0.973127832,0.9731,0.97299999,0.103018455
20,label_0.5,default,MNIST,1,33,0.9746,0.97449743,0.092886426,0.974742519,0.9746,0.973500013,0.108919375
20,label_0.5,local_robust_scaling,MNIST,1,18,0.6664,0.640685929,1.284919024,0.689452737,0.6664,0.662500024,1.282681108
20,label_0.5,instance_norm,MNIST,1,33,0.9776,0.977505918,0.077696592,0.977899334,0.9776,0.978833318,0.07158123
20,label_0.5,group_norm,MNIST,1,34,0.9833,0.983241923,0.051516417,0.983432505,0.9833,0.982666671,0.066317864
20,label_0.5,layer_norm,MNIST,1,40,0.9855,0.985451337,0.056069408,0.985580373,0.9855,0.981000006,0.063777119
20,label_0.5,batch_norm,MNIST,1,33,0.9839,0.983864571,0.055062242,0.983980136,0.9839,0.981166661,0.066068664
20,label_0.5,local_min_max,MNIST,1,17,0.9332,0.931506894,0.480330914,0.935747767,0.9332,0.935333312,0.457685679
20,label_0.5,local_z_score,MNIST,1,19,0.9414,0.940464533,0.314320177,0.943351167,0.9414,0.930000007,0.284856051
20,label_5.0,default,MNIST,1,24,0.9804,0.980399067,0.071036182,0.980511601,0.9804,0.981166661,0.072315112
20,label_5.0,local_robust_scaling,MNIST,1,60,0.948,0.947864736,0.171304196,0.948073944,0.948,0.948666692,0.173615292
20,label_5.0,instance_norm,MNIST,1,30,0.9875,0.987490538,0.042610843,0.987522738,0.9875,0.986666679,0.049703639
20,label_5.0,group_norm,MNIST,1,33,0.9886,0.988592742,0.039417904,0.98861829,0.9886,0.989166677,0.033685803
20,label_5.0,layer_norm,MNIST,1,22,0.9848,0.98478892,0.048424955,0.984823225,0.9848,0.984666646,0.051573917
20,label_5.0,batch_norm,MNIST,1,28,0.9892,0.989189391,0.033371788,0.989206547,0.9892,0.987666667,0.039053228
20,label_5.0,local_min_max,MNIST,1,21,0.9803,0.980285953,0.087615453,0.980354846,0.9803,0.980333328,0.151905239
20,label_5.0,local_z_score,MNIST,1,8,0.9636,0.963533761,0.142985582,0.963692162,0.9636,0.963666677,0.22650516
20,default,default,MNIST,1,35,0.9841,0.98408912,0.061180376,0.984113473,0.9841,0.984333336,0.072975695
20,default,federated_robust_scaling,MNIST,1,60,0.9537,0.953598924,0.150264576,0.953716454,0.9537,0.956499994,0.127168328
20,default,federated_min_max,MNIST,1,49,0.9903,0.99029791,0.027619995,0.990301651,0.9903,0.988499999,0.039179377
20,default,federated_z_score,MNIST,1,43,0.9894,0.989396612,0.033740994,0.989410605,0.9894,0.986999989,0.043773081
20,default,local_robust_scaling,MNIST,1,60,0.9572,0.957150936,0.140185222,0.957173919,0.9572,0.958833337,0.128893793
20,default,instance_norm,MNIST,1,29,0.9887,0.988697113,0.039040331,0.988700092,0.9887,0.986999989,0.047063168
20,default,group_norm,MNIST,1,30,0.9895,0.989497114,0.030849924,0.98951612,0.9895,0.990333319,0.03773547
20,default,layer_norm,MNIST,1,26,0.9868,0.986795923,0.043445479,0.986796949,0.9868,0.986833334,0.043655284
20,default,batch_norm,MNIST,1,33,0.9913,0.991296778,0.032020066,0.991308188,0.9913,0.989000022,0.038961861
20,default,local_min_max,MNIST,1,15,0.9789,0.978893608,0.112525769,0.978939321,0.9789,0.975833356,0.116698615
20,default,local_z_score,MNIST,1,27,0.9838,0.983793615,0.130177557,0.983825604,0.9838,0.985833347,0.108891122
10,quantity_0.7,default,MNIST,1,12,0.9859,0.985894139,0.049942244,0.985903604,0.9859,0.986500025,0.047189306
10,quantity_0.7,local_robust_scaling,MNIST,1,24,0.973,0.972988149,0.09393312,0.973088482,0.973,0.975333333,0.08129248
10,quantity_0.7,instance_norm,MNIST,1,9,0.9878,0.987801638,0.041020412,0.987828716,0.9878,0.988833308,0.039665941
10,quantity_0.7,group_norm,MNIST,1,13,0.9894,0.989397103,0.036111202,0.989417091,0.9894,0.989499986,0.042670008
10,quantity_0.7,layer_norm,MNIST,1,15,0.9891,0.989099474,0.039417699,0.989107762,0.9891,0.989333332,0.037612814
10,quantity_0.7,batch_norm,MNIST,1,12,0.9898,0.989795531,0.039328538,0.989846343,0.9898,0.990999997,0.032039832
10,quantity_0.7,local_min_max,MNIST,1,12,0.9864,0.986394276,0.057295412,0.986447955,0.9864,0.986999989,0.061607666
10,quantity_0.7,local_z_score,MNIST,1,5,0.9775,0.97749761,0.068143174,0.977565469,0.9775,0.979166687,0.111071862
10,quantity_5.0,default,MNIST,1,16,0.9849,0.984899398,0.054015636,0.984922493,0.9849,0.985000014,0.053877782
10,quantity_5.0,local_robust_scaling,MNIST,1,46,0.9751,0.975090759,0.088948496,0.975102745,0.9751,0.976000011,0.082318693
10,quantity_5.0,instance_norm,MNIST,1,19,0.9905,0.990497566,0.033607993,0.990514588,0.9905,0.989333332,0.039320797
10,quantity_5.0,group_norm,MNIST,1,13,0.9887,0.988695846,0.036075309,0.988699514,0.9887,0.989333332,0.037056029
10,quantity_5.0,layer_norm,MNIST,1,22,0.9885,0.988497935,0.04048077,0.988523477,0.9885,0.989333332,0.040961873
10,quantity_5.0,batch_norm,MNIST,1,17,0.9906,0.990595806,0.031845968,0.990605577,0.9906,0.989333332,0.038434118
10,quantity_5.0,local_min_max,MNIST,1,28,0.9899,0.989892661,0.045736697,0.989907343,0.9899,0.989833355,0.041926734
10,quantity_5.0,local_z_score,MNIST,1,18,0.9868,0.986799049,0.048078831,0.986820096,0.9868,0.991333306,0.054156091
10,label_0.5,default,MNIST,1,32,0.9801,0.98005584,0.075832821,0.980188712,0.9801,0.980833352,0.082926475
10,label_0.5,local_robust_scaling,MNIST,1,17,0.7644,0.752146868,0.771892309,0.773723097,0.7644,0.747500002,0.806041241
10,label_0.5,instance_norm,MNIST,1,21,0.9834,0.983352132,0.053903949,0.983538389,0.9834,0.980499983,0.069568567
10,label_0.5,group_norm,MNIST,1,25,0.9847,0.984669973,0.052991498,0.984888292,0.9847,0.985833347,0.055728644
10,label_0.5,layer_norm,MNIST,1,25,0.9817,0.981655461,0.067886353,0.981845315,0.9817,0.983500004,0.066844717
10,label_0.5,batch_norm,MNIST,1,19,0.9851,0.985054447,0.049924113,0.985238552,0.9851,0.983666658,0.057428893
10,label_0.5,local_min_max,MNIST,1,14,0.9587,0.958043367,0.289317161,0.960062596,0.9587,0.953666687,0.303800076
10,label_0.5,local_z_score,MNIST,1,23,0.9714,0.971221529,0.175937444,0.971754652,0.9714,0.967999995,0.132963344
10,label_5.0,default,MNIST,1,20,0.985,0.984990005,0.04674134,0.985011073,0.985,0.986999989,0.047149353
10,label_5.0,local_robust_scaling,MNIST,1,48,0.9611,0.961038076,0.136967942,0.961164725,0.9611,0.963666677,0.128253728
10,label_5.0,instance_norm,MNIST,1,24,0.9907,0.990695479,0.033446006,0.990721661,0.9907,0.987333357,0.044533599
10,label_5.0,group_norm,MNIST,1,16,0.9893,0.989292156,0.037059043,0.989321403,0.9893,0.989000022,0.039677158
10,label_5.0,layer_norm,MNIST,1,19,0.9859,0.985880334,0.045503464,0.985952883,0.9859,0.987166643,0.046877343
10,label_5.0,batch_norm,MNIST,1,19,0.9889,0.988888131,0.035502415,0.988923817,0.9889,0.98816669,0.042029984
10,label_5.0,local_min_max,MNIST,1,27,0.9882,0.988188125,0.064245351,0.98823239,0.9882,0.986666679,0.074421227
10,label_5.0,local_z_score,MNIST,1,15,0.9825,0.982464468,0.071368419,0.982593623,0.9825,0.984166682,0.065447465
10,default,default,MNIST,1,15,0.984,0.984007508,0.054632947,0.98406032,0.984,0.983833313,0.056608733
10,default,federated_robust_scaling,MNIST,1,52,0.9675,0.9674508,0.103813536,0.96746888,0.9675,0.975499988,0.088763133
10,default,federated_min_max,MNIST,1,34,0.9916,0.991596346,0.027606171,0.991605906,0.9916,0.991666675,0.031202231
10,default,federated_z_score,MNIST,1,24,0.9893,0.989297467,0.03593621,0.989309776,0.9893,0.987500012,0.035746552
10,default,local_robust_scaling,MNIST,1,60,0.9697,0.969683077,0.099904507,0.969721049,0.9697,0.973333359,0.090124361
10,default,instance_norm,MNIST,1,20,0.9898,0.989800267,0.034584455,0.989815113,0.9898,0.99000001,0.037472747
10,default,group_norm,MNIST,1,24,0.9906,0.990600239,0.028025793,0.990607214,0.9906,0.990833342,0.034119837
10,default,layer_norm,MNIST,1,17,0.9888,0.988799718,0.03529945,0.98882649,0.9888,0.987166643,0.043341968
10,default,batch_norm,MNIST,1,23,0.9905,0.990500192,0.031276558,0.990509866,0.9905,0.990166664,0.038354285
10,default,local_min_max,MNIST,1,29,0.988,0.987999569,0.063297689,0.9880139,0.988,0.989166677,0.050397258
10,default,local_z_score,MNIST,1,16,0.9859,0.98589696,0.044930302,0.985916675,0.9859,0.986333311,0.056431107
